name,O,OH,U_param,spin,oxidation_states_A,oxidation_states_B,electronegativity_A,electronegativity_B,Tolerance_factor,Octahedral_factor,ionic_ration_AO,ionic_ration_BO,Diff_A_O,Diff_B_O,Z_1,atomic_radius_1,mendeleev_no_1,common_oxi_states_1,X_1,thermal_conductivity1,average_ionic_radius1,atomic_orbitals1,V_B_O_sigma,V_B_O_pi
Ca2Ru2O6,0.80532601,,0,1,4,3,1,2.2,0.88342336,0.524603175,0.904761905,0.524603175,-2.44,-1.24,17.6,0.98,76.2,-0.2,2.704,64.015948,1.1162,-1.076772,-0.046062567,0.026594236
Rb2Ti2O6,4.70048301,,0,1,2,4,0.82,1.54,0.977783016,0.675925926,1.317460317,0.675925926,-2.62,-1.9,16.6,1.11,72.6,-0.2,2.536,16.015948,1.258333333,-0.7832486,-0.023694947,0.013680284
LaAgIr2O6,1.95815901,,0,1,4,3,1.515,2.2,0.834327804,0.607142857,0.896296296,0.607142857,-1.925,-1.24,30.6,0.985,84.2,-0.2,2.807,74.315948,1.134866667,-0.8974517,-0.040770942,0.023539114
Ca2Ni2O6,4.48621601,0.658206695,6.2,2,4,2,1,1.91,0.848528137,0.587301587,0.904761905,0.587301587,-2.44,-1.53,14.4,0.99,77.2,-0.4,2.646,58.215948,1.132,-0.5932522,-0.015082085,0.008707646
BaNaTi2O6,4.81711401,2.008516695,0,1,3,4,0.91,1.54,0.865605854,0.675925926,1.051587302,0.675925926,-2.53,-1.9,15.9,1.035,73.3,-0.1,2.554,20.215948,1.191333333,-0.7744752,-0.023694947,0.013680284
BaNaMo2O6,-1.46419899,-1.829900305,4.38,1,3,4,0.91,2.16,0.898216722,0.615079365,1.051587302,0.615079365,-2.53,-1.28,19.9,1.045,74.3,-0.1,2.678,43.615948,1.176,-1.1880188,-0.044569724,0.025732342
CaNaMn2O6,3.99301201,0.972477695,3.9,2,3,2,0.965,1.55,0.892992494,0.514550265,0.912698413,0.514550265,-2.475,-1.89,12.9,1,75.3,-0.5,2.567,35.575948,1.115666667,-0.7815256,-0.024220011,0.01398343
LaCaY2O6,4.19112301,,0,1,5,3,1.05,1.22,0.742769558,0.825396825,0.917460317,0.825396825,-2.39,-2.22,20.3,1.095,70.5,-0.1,2.518,24.715948,1.1952,-0.8896064,-0.039929452,0.02305328
CaNaV2O6,0.53539101,-0.162633305,3.25,1,3,5,0.965,1.63,0.836381518,0.617063492,0.912698413,0.617063492,-2.475,-1.81,12.5,0.99,74.1,0.1,2.583,40.215948,1.1415,-0.778492,-0.023622133,0.013638245
Ag2Ag2O6,4.90756601,,0,1,2,1,1.93,1.93,0.707106781,0.862433862,0.862433862,0.862433862,-1.51,-1.51,23.6,1,89,-0.8,2.836,172.015948,1.190666667,-1.8120532,-0.016382557,0.009458474
Rb2Ag2O6,4.48156601,,0,1,2,1,0.82,1.93,0.879865824,0.862433862,1.317460317,0.862433862,-2.62,-1.51,21.6,1.15,76.6,-0.8,2.614,97.615948,1.305333333,-1.3944454,-0.016382557,0.009458474
K2Os2O6,0.84879801,-0.178101305,0,1,2,4,0.82,2.2,1.016946121,0.534126984,1.206349206,0.534126984,-2.62,-1.24,23.8,1.06,75.2,-0.2,2.668,37.615948,1.1946,-0.578878,-0.052177822,0.03012488
Ag2Ta2O6,1.43944001,,0,1,2,5,1.93,1.5,0.797761497,0.650793651,0.862433862,0.650793651,-1.51,-1.94,28.8,0.97,85.2,0,2.75,97.415948,1.137333333,-1.202398,-0.048716239,0.028126334
Rb2Ir2O6,2.93298801,1.580113695,0,1,2,3,0.82,2.2,1.019630519,0.607142857,1.317460317,0.607142857,-2.62,-1.24,27.6,1.1,75.6,-0.4,2.668,41.615948,1.241,-0.7889296,-0.040770942,0.023539114
BaScNb2O6,-1.71142899,-1.318871305,0,1,5,5,1.125,1.6,0.832040311,0.650793651,0.942460317,0.650793651,-2.315,-1.84,20.7,1.025,74.5,0.3,2.609,14.215948,1.1575,-0.9577003,-0.045979948,0.026546535
LaCaTi2O6,-0.89892499,-1.736889305,0,1,5,4,1.05,1.54,0.809014988,0.675925926,0.917460317,0.675925926,-2.39,-1.9,16.9,1.015,75.7,0.1,2.582,25.715948,1.157533333,-0.5836028,-0.023694947,0.013680284
BaBiNb2O6,-1.97718099,-2.497586305,0,1,5,5,1.455,1.6,0.85753695,0.650793651,1.001984127,0.650793651,-1.985,-1.84,26.9,1.025,81.3,0.3,2.675,13.415948,1.1725,-0.9846654,-0.045979948,0.026546535
Ba2In2O6,5.25416301,,0,1,4,3,0.89,1.78,0.883883476,0.746031746,1.182539683,0.746031746,-2.55,-1.66,25.8,1.1,79.2,-0.2,2.598,20.015948,1.242,-1.3591384,0.024984978,-0.012492489
Rb2Pt2O6,3.61720901,,0,1,2,2,0.82,2.28,0.999879807,0.638888889,1.317460317,0.638888889,-2.62,-1.16,27.8,1.1,76,-0.6,2.684,26.015948,1.249,-0.782089,-0.036128856,0.020859005
Rb2Os2O6,0.89204001,-0.133133305,0,1,2,4,0.82,2.2,1.068159235,0.534126984,1.317460317,0.534126984,-2.62,-1.24,27.4,1.09,75,-0.2,2.668,29.215948,1.2226,-0.7881252,-0.052177822,0.03012488
BaRbNb2O6,-1.06490699,-0.983517305,0,1,3,5,0.855,1.6,0.963772945,0.650793651,1.25,0.650793651,-2.585,-1.84,22.3,1.1,73.5,0.1,2.555,18.415948,1.235,-1.0555576,-0.045979948,0.026546535
BaAgMo2O6,-1.72215899,-2.005286305,4.38,1,3,4,1.41,2.16,0.885476059,0.615079365,1.022486772,0.615079365,-2.03,-1.28,23.5,1.025,80.3,-0.1,2.778,72.615948,1.168666667,-1.3039877,-0.044569724,0.025732342
LaRbIr2O6,2.46376801,-0.544807305,0,1,4,3,0.96,2.2,0.934428517,0.607142857,1.123809524,0.607142857,-2.48,-1.24,29.6,1.06,78,-0.2,2.696,37.115948,1.1922,-0.6886478,-0.040770942,0.023539114
Ba2Ta2O6,-2.41747999,-1.952064305,0,1,4,5,0.89,1.5,0.934876754,0.650793651,1.182539683,0.650793651,-2.55,-1.94,30.6,1.08,73.8,0.2,2.542,15.015948,1.218,-0.5815734,-0.048716239,0.028126334
Rb2Sc2O6,5.54159201,,0,1,2,3,0.82,1.36,0.962588252,0.702380952,1.317460317,0.702380952,-2.62,-2.08,16.4,1.15,66.2,-0.4,2.5,14.815948,1.265,-0.781123,-0.026422852,0.01525524
Ca2Ge2O6,3.97097501,-0.127089305,0,1,4,-4,1,2.01,0.835988313,0.611111111,0.904761905,0.611111111,-2.44,-1.43,15.2,0.97,80.6,-1.6,2.666,52.015948,1.138,-0.636404,0.027657296,-0.013828648
Rb2Tl2O6,5.40520601,,0,1,2,1,0.82,1.62,0.79643271,1.057539683,1.317460317,1.057539683,-2.62,-1.82,28.4,1.21,78,-0.8,2.552,20.815948,1.3545,-0.8068314,0.015625586,-0.007812793
BaBiTi2O6,-1.15341499,-1.419856305,0,1,5,4,1.455,1.54,0.84467728,0.675925926,1.001984127,0.675925926,-1.985,-1.9,23.1,1.015,80.9,0.1,2.663,7.015948,1.178833333,-0.610748,-0.023694947,0.013680284
Ba2Cu2O6,4.26392901,,0,1,4,2,0.89,1.9,0.934876754,0.650793651,1.182539683,0.650793651,-2.55,-1.54,21.8,1.06,77.8,-0.4,2.622,83.615948,1.218,-0.5810218,-0.012155645,0.007018065
Ba2La2O6,4.60019401,0.741723695,0,1,4,3,0.89,1.1,0.799565645,0.93015873,1.182539683,0.93015873,-2.55,-2.34,27.4,1.18,70,-0.2,2.462,6.215948,1.2884,-0.5730572,-0.043291117,0.024994138
Na2Ge2O6,4.66403301,1.630927695,0,1,2,-4,0.93,2.01,0.842954882,0.611111111,0.920634921,0.611111111,-2.51,-1.43,13.4,0.97,79.6,-1.8,2.652,40.015948,1.142,-1.020802,0.027657296,-0.013828648
BaPbNb2O6,-1.65558899,-1.269433305,0,1,4,5,1.61,1.6,0.872409989,0.650793651,1.036706349,0.650793651,-1.83,-1.84,26.8,1.045,80.8,0.2,2.706,16.115948,1.18125,-0.9777712,-0.045979948,0.026546535
LaBaSc2O6,5.22834401,1.415933695,0,1,5,3,0.995,1.36,0.854132247,0.702380952,1.056349206,0.702380952,-2.445,-2.08,20.3,1.09,69.1,-0.1,2.535,6.315948,1.1992,-0.5792328,-0.026422852,0.01525524
Sr2Y2O6,4.87513801,0.472066695,0,1,4,3,0.95,1.22,0.793189346,0.825396825,1.047619048,0.825396825,-2.49,-2.22,20.2,1.12,68.6,-0.2,2.498,10.415948,1.228,-1.1533054,-0.039929452,0.02305328
BaPbCu2O6,4.88800301,0.390221695,0,1,4,2,1.61,1.9,0.872409989,0.650793651,1.036706349,0.650793651,-1.83,-1.54,24.4,1.025,84.6,-0.4,2.766,85.315948,1.18125,-0.6048438,-0.012155645,0.007018065
LaLiNb2O6,-1.52444299,,0,1,4,5,1.04,1.6,0.780537101,0.650793651,0.822222222,0.650793651,-2.4,-1.84,19,0.99,75.7,0.2,2.592,20.615948,1.1272,-0.9539331,-0.045979948,0.026546535
Pb2Rh2O6,1.93264401,,0,1,4,3,2.33,2.28,0.840240352,0.591269841,0.890873016,0.591269841,-1.11,-1.16,30.2,0.99,90,-0.2,2.986,37.015948,1.1295,-1.1593556,-0.03567009,0.020594136
Ca2Pt2O6,3.06661101,,0,1,4,2,1,2.28,0.821819019,0.638888889,0.904761905,0.638888889,-2.44,-1.16,24.4,0.99,77.4,-0.4,2.72,54.415948,1.145,-0.583361,-0.036128856,0.020859005
BaCaY2O6,4.94288001,0.487395695,0,1,4,3,0.945,1.22,0.791652157,0.825396825,1.043650794,0.825396825,-2.495,-2.22,20.2,1.115,68.6,-0.2,2.497,25.215948,1.227,-0.8882798,-0.039929452,0.02305328
BaTlSc2O6,5.43469001,,0,1,3,3,1.255,1.36,0.880586941,0.702380952,1.120039683,0.702380952,-2.185,-2.08,22.7,1.085,73.6,-0.3,2.587,9.615948,1.21525,-0.5945115,-0.026422852,0.01525524
LaTlCu2O6,4.88300901,0.363146695,0,1,4,2,1.36,1.9,0.854052409,0.650793651,0.993849206,0.650793651,-2.08,-1.54,24.4,1.015,86.1,-0.4,2.716,85.915948,1.17045,-0.5989537,-0.012155645,0.007018065
BaBiMo2O6,-2.82471299,,4.38,1,5,4,1.455,2.16,0.876499683,0.615079365,1.001984127,0.615079365,-1.985,-1.28,27.1,1.025,81.9,0.1,2.787,30.415948,1.1635,-1.0242916,-0.044569724,0.025732342
LaPbY2O6,3.95601201,,0,1,5,3,1.715,1.22,0.740079478,0.825396825,0.910515873,0.825396825,-1.725,-2.22,26.5,1.095,77.1,-0.1,2.651,8.215948,1.19345,-0.911184,-0.039929452,0.02305328
BaScCu2O6,4.98649801,,0,1,5,2,1.125,1.9,0.832040311,0.650793651,0.942460317,0.650793651,-2.315,-1.54,18.3,1.005,78.3,-0.3,2.669,83.415948,1.1575,-0.5847729,-0.012155645,0.007018065
Ag2Cu2O6,4.77270301,,0,1,2,2,1.93,1.9,0.797761497,0.650793651,0.862433862,0.650793651,-1.51,-1.54,20,0.95,89.2,-0.6,2.83,166.015948,1.137333333,-1.2018464,-0.012155645,0.007018065
Ba2Pb2O6,4.64771001,1.583882695,0,1,4,2,0.89,2.33,0.816177817,0.890873016,1.182539683,0.890873016,-2.55,-1.11,32.4,1.15,79.8,-0.4,2.708,10.615948,1.2785,-0.618048,0.019028072,-0.009514036
Ca2Os2O6,1.25627001,-2.687064305,0,1,4,4,1,2.2,0.877939097,0.534126984,0.904761905,0.534126984,-2.44,-1.24,24,0.98,76.4,0,2.704,57.615948,1.1186,-0.5893972,-0.052177822,0.03012488
Ba2Rh2O6,2.15288201,,0,1,4,3,0.89,2.28,0.969847206,0.591269841,1.182539683,0.591269841,-2.55,-1.16,25,1.06,76.4,-0.2,2.698,33.615948,1.203,-1.1117116,-0.03567009,0.020594136
La2Mn2O6,3.34878201,1.160487695,3.9,2,6,2,1.1,1.55,0.901144293,0.514550265,0.93015873,0.514550265,-2.34,-1.89,21.2,1.03,79.2,-0.2,2.594,4.175948,1.120066667,-0.587491,-0.024220011,0.01398343
La2Ti2O6,-1.54348399,-1.422107305,0,1,6,4,1.1,1.54,0.814372703,0.675925926,0.93015873,0.675925926,-2.34,-1.9,20.6,1.03,77.4,0.2,2.592,7.015948,1.160733333,-0.582685,-0.023694947,0.013680284
Li2Cu2O6,4.33203101,,0,1,2,2,0.98,1.9,0.734303196,0.650793651,0.714285714,0.650793651,-2.46,-1.54,11.2,0.92,77.4,-0.6,2.64,97.015948,1.1,-0.5783364,-0.012155645,0.007018065
LaPbCu2O6,4.85636401,0.243204695,0,1,5,2,1.715,1.9,0.818357115,0.650793651,0.910515873,0.650793651,-1.725,-1.54,24.5,1.005,86.5,-0.3,2.787,84.815948,1.14945,-0.6061704,-0.012155645,0.007018065
LaScCu2O6,4.87067001,0.402324695,0,1,6,2,1.23,1.9,0.777987437,0.650793651,0.816269841,0.650793651,-2.21,-1.54,18.4,0.985,80.2,-0.2,2.69,82.915948,1.1257,-0.5860995,-0.012155645,0.007018065
LaBiSc2O6,4.14310201,,0,1,6,3,1.56,1.36,0.779136073,0.702380952,0.875793651,0.702380952,-1.88,-2.08,23,1.035,76.4,0,2.648,5.315948,1.1537,-0.609949,-0.026422852,0.01525524
BaCaTi2O6,3.94115401,1.162966695,0,1,4,4,0.945,1.54,0.862257283,0.675925926,1.043650794,0.675925926,-2.495,-1.9,16.8,1.035,73.8,0,2.561,26.215948,1.189333333,-0.5822762,-0.023694947,0.013680284
LaBiCu2O6,4.82509201,,0,1,6,2,1.56,1.9,0.803484076,0.650793651,0.875793651,0.650793651,-1.88,-1.54,24.6,0.985,87,-0.2,2.756,82.115948,1.1407,-0.6130646,-0.012155645,0.007018065
K2Mo2O6,-0.58789099,-63.34430431,4.38,1,2,4,0.82,2.16,0.965973883,0.615079365,1.206349206,0.615079365,-2.62,-1.28,17,1.09,73.8,-0.2,2.66,47.815948,1.215,-0.987545,-0.044569724,0.025732342
LaTlNi2O6,4.24990301,0.231928695,6.2,2,4,2,1.36,1.91,0.888214506,0.587301587,0.993849206,0.587301587,-2.08,-1.53,24.2,1.015,85.1,-0.4,2.718,24.115948,1.15445,-0.6066953,-0.015082085,0.008707646
LaCaMn2O6,3.66399601,,3.9,2,5,2,1.05,1.55,0.895215712,0.514550265,0.917460317,0.514550265,-2.39,-1.89,17.5,1.015,77.5,-0.3,2.584,22.875948,1.116866667,-0.5884088,-0.024220011,0.01398343
Ba2Os2O6,0.25521601,,0,1,4,4,0.89,2.2,1.005971882,0.534126984,1.182539683,0.534126984,-2.55,-1.24,31.2,1.05,76,0,2.682,21.215948,1.1886,-0.5849084,-0.052177822,0.03012488
BaBiCu2O6,4.88113901,2.065174695,0,1,5,2,1.455,1.9,0.85753695,0.650793651,1.001984127,0.650793651,-1.985,-1.54,24.5,1.005,85.1,-0.3,2.735,82.615948,1.1725,-0.611738,-0.012155645,0.007018065
K2Ta2O6,1.59760301,-0.250439305,0,1,2,5,0.82,1.5,0.945075409,0.650793651,1.206349206,0.650793651,-2.62,-1.94,23.2,1.09,73,0,2.528,31.415948,1.224,-0.575543,-0.048716239,0.028126334
Na2Cu2O6,5.07751901,,0,1,2,2,0.93,1.9,0.822691543,0.650793651,0.920634921,0.650793651,-2.51,-1.54,12.8,0.99,77.2,-0.6,2.63,108.015948,1.152,-0.9699086,-0.012155645,0.007018065
BaLiSc2O6,5.45976701,,0,1,3,3,0.935,1.36,0.80929937,0.702380952,0.948412698,0.702380952,-2.505,-2.08,14.9,1.04,67,-0.3,2.523,13.515948,1.172,-0.5765635,-0.026422852,0.01525524
SrRbNi2O6,3.19483301,0.029813695,6.2,2,3,2,0.885,1.91,0.972271824,0.587301587,1.182539683,0.587301587,-2.555,-1.53,17.9,1.065,76.4,-0.5,2.623,27.515948,1.202,-0.8240068,-0.015082085,0.008707646
BaSnTi2O6,2.46231801,-0.019358305,0,1,-2,4,1.425,1.54,0.810354417,0.675925926,0.920634921,0.675925926,-2.015,-1.9,19.8,1,80.5,-0.6,2.657,12.915948,1.158333333,-1.0227686,-0.023694947,0.013680284
CaSrV2O6,0.07628401,-0.084885305,3.25,1,4,5,0.975,1.63,0.86414522,0.617063492,0.976190476,0.617063492,-2.465,-1.81,15.2,1.01,74.5,0.2,2.585,29.715948,1.1575,-0.7176836,-0.023622133,0.013638245
LaTlTi2O6,1.99627801,-0.145585305,0,1,4,4,1.36,1.54,0.841244993,0.675925926,0.993849206,0.675925926,-2.08,-1.9,23,1.025,81.9,0,2.644,10.315948,1.176783333,-0.5979637,-0.023694947,0.013680284
BaScTi2O6,-0.69465599,-1.867875305,0,1,5,4,1.125,1.54,0.81956299,0.675925926,0.942460317,0.675925926,-2.315,-1.9,16.9,1.015,74.1,0.1,2.597,7.815948,1.163833333,-0.5837829,-0.023694947,0.013680284
LaBaNb2O6,-1.86926699,-1.454823305,0,1,5,5,0.995,1.6,0.88082388,0.650793651,1.056349206,0.650793651,-2.445,-1.84,24.3,1.06,75.9,0.3,2.583,13.915948,1.1862,-0.9552758,-0.045979948,0.026546535
BaSrCu2O6,4.66251801,,0,1,4,2,0.92,1.9,0.905980563,0.650793651,1.115079365,0.650793651,-2.52,-1.54,20,1.045,77.9,-0.4,2.628,85.315948,1.201,-0.7146568,-0.012155645,0.007018065
Ba2Au2O6,4.77874101,2.194027695,0,1,4,3,0.89,2.54,0.834568089,0.849206349,1.182539683,0.849206349,-2.55,-0.9,31.8,1.06,77.4,-0.2,2.75,67.615948,1.268,-0.5790774,-0.021083525,0.012172579
Sr2Rh2O6,2.06230101,-1.251017305,0,1,4,3,0.95,2.28,0.909893015,0.591269841,1.047619048,0.591269841,-2.49,-1.16,21.4,1.03,76.6,-0.2,2.71,37.015948,1.169,-1.3789816,-0.03567009,0.020594136
Tl2Os2O6,0.75042801,-0.196812305,0,1,2,4,1.62,2.2,0.948357129,0.534126984,1.057539683,0.534126984,-1.82,-1.24,36.2,1,88.8,-0.2,2.828,26.815948,1.1571,-0.618119,-0.052177822,0.03012488
SrNaMn2O6,4.42601701,1.601808695,3.9,2,3,2,0.94,1.55,0.926340761,0.514550265,0.984126984,0.514550265,-2.5,-1.89,14.7,1.02,75.2,-0.5,2.562,19.075948,1.133666667,-0.9129162,-0.024220011,0.01398343
BaAgY2O6,5.71376901,,0,1,3,3,1.41,1.22,0.783453818,0.825396825,1.022486772,0.825396825,-2.03,-2.22,22.9,1.095,74.1,-0.3,2.59,48.215948,1.221666667,-1.1964477,-0.039929452,0.02305328
LaRbNb2O6,-1.44228599,,0,1,4,5,0.96,1.6,0.90972007,0.650793651,1.123809524,0.650793651,-2.48,-1.84,22.4,1.08,75.4,0.2,2.576,17.915948,1.2032,-1.0568842,-0.045979948,0.026546535
Rb2Ta2O6,1.54905601,-0.178634305,0,1,2,5,0.82,1.5,0.992669135,0.650793651,1.317460317,0.650793651,-2.62,-1.94,26.8,1.12,72.8,0,2.528,23.015948,1.252,-0.7847902,-0.048716239,0.028126334
LaSrCu2O6,4.87023501,2.048419695,0,1,5,2,1.025,1.9,0.851927689,0.650793651,0.988888889,0.650793651,-2.415,-1.54,20.1,1.025,79.8,-0.3,2.649,84.815948,1.1692,-0.7159834,-0.012155645,0.007018065
LaScV2O6,-0.95513899,-2.699076305,3.25,1,6,5,1.23,1.63,0.794215396,0.617063492,0.816269841,0.617063492,-2.21,-1.81,17.2,0.985,76.6,0.4,2.636,9.115948,1.1172,-0.5868819,-0.023622133,0.013638245
BaAgTi2O6,3.71837401,,0,1,3,4,1.41,1.54,0.853327757,0.675925926,1.022486772,0.675925926,-2.03,-1.9,19.5,1.015,79.3,-0.1,2.654,49.215948,1.184,-0.8904441,-0.023694947,0.013680284
La2Nb2O6,-2.41106099,-1.694749305,0,1,6,5,1.1,1.6,0.826771006,0.650793651,0.93015873,0.650793651,-2.34,-1.84,24.4,1.04,77.8,0.4,2.604,13.415948,1.1544,-0.9566024,-0.045979948,0.026546535
La2Co2O6,3.46221601,0.742526695,3.32,2,6,2,1.1,1.88,0.847830908,0.60978836,0.93015873,0.60978836,-2.34,-1.56,21.6,1.02,80,-0.2,2.66,22.615948,1.144066667,-0.5901632,-0.015540806,0.008972489
La2V2O6,-1.14098499,-1.169554305,3.25,1,6,5,1.1,1.63,0.844016536,0.617063492,0.93015873,0.617063492,-2.34,-1.81,20.8,1.02,78,0.4,2.61,8.815948,1.1459,-0.5844574,-0.023622133,0.013638245
BaSrMo2O6,-2.57480099,-3.345250305,4.38,1,4,4,0.92,2.16,0.926014532,0.615079365,1.115079365,0.615079365,-2.52,-1.28,22.6,1.065,74.7,0,2.68,33.115948,1.192,-1.1272104,-0.044569724,0.025732342
Li2Ag2O6,4.97437601,,0,1,2,1,0.98,1.93,0.650859651,0.862433862,0.714285714,0.862433862,-2.46,-1.51,14.8,0.97,77.2,-0.8,2.646,103.015948,1.153333333,-1.1885432,-0.016382557,0.009458474
BaSrNb2O6,-1.50791799,-1.243605305,0,1,4,5,0.92,1.6,0.905980563,0.650793651,1.115079365,0.650793651,-2.52,-1.84,22.4,1.065,74.1,0.2,2.568,16.115948,1.201,-1.0875842,-0.045979948,0.026546535
LaRbY2O6,5.03170401,-0.370773305,0,1,4,3,0.96,1.22,0.822703368,0.825396825,1.123809524,0.825396825,-2.48,-2.22,22,1.15,69.8,-0.2,2.5,10.515948,1.2472,-0.9889704,-0.039929452,0.02305328
Rb2Cd2O6,5.36252001,,0,1,2,2,0.82,1.69,0.878617788,0.865079365,1.317460317,0.865079365,-2.62,-1.75,21.8,1.14,77.4,-0.6,2.566,31.015948,1.306,-1.4690412,-0.014968238,0.008641916
BaRbIr2O6,2.73533601,,0,1,3,3,0.855,2.2,0.989949494,0.607142857,1.25,0.607142857,-2.585,-1.24,29.5,1.08,76.1,-0.3,2.675,37.615948,1.224,-0.6873212,-0.040770942,0.023539114
Ag2Au2O6,4.96550801,,0,1,2,3,1.93,2.54,0.71216477,0.849206349,0.862433862,0.849206349,-1.51,-0.9,30,0.95,88.8,-0.4,2.958,150.015948,1.187333333,-1.199902,-0.021083525,0.012172579
BaAgIr2O6,2.55863001,,0,1,3,3,1.41,2.2,0.889848781,0.607142857,1.022486772,0.607142857,-2.03,-1.24,30.5,1.005,82.3,-0.3,2.786,74.815948,1.166666667,-0.8961251,-0.040770942,0.023539114
Tl2Nb2O6,1.24448101,-0.558939305,0,1,2,5,1.62,1.6,0.881333813,0.650793651,1.057539683,0.650793651,-1.82,-1.84,29.2,1.03,86.8,0,2.708,20.015948,1.1865,-0.9871598,-0.045979948,0.026546535
Na2Ga2O6,5.36059701,,0,1,2,3,0.93,1.81,0.847127926,0.603174603,0.920634921,0.603174603,-2.51,-1.63,13.2,0.98,79,-0.4,2.612,33.815948,1.14,-1.0011012,0.030344454,-0.015172227
Sr2Ta2O6,-2.70341399,-2.150183305,0,1,4,5,0.95,1.5,0.877084373,0.650793651,1.047619048,0.650793651,-2.49,-1.94,27,1.05,74,0.2,2.554,18.415948,1.184,-0.8488434,-0.048716239,0.028126334
BaSrY2O6,4.98109801,1.151448695,0,1,4,3,0.92,1.22,0.819321553,0.825396825,1.115079365,0.825396825,-2.52,-2.22,22,1.135,68.5,-0.2,2.492,8.715948,1.245,-1.0196704,-0.039929452,0.02305328
Li2Hf2O6,5.05307201,,0,1,2,4,0.98,1.3,0.723862866,0.674603175,0.714285714,0.674603175,-2.46,-2.14,19.8,0.96,73,-0.2,2.52,21.615948,1.106,-0.5772182,-0.050796367,0.029327296
Ag2Hf2O6,4.46647901,,0,1,2,4,1.93,1.3,0.786418916,0.674603175,0.862433862,0.674603175,-1.51,-2.14,28.6,0.99,84.8,-0.2,2.71,90.615948,1.143333333,-1.2007282,-0.050796367,0.029327296
BaLiTi2O6,4.54381401,2.025427695,0,1,3,4,0.935,1.54,0.822074419,0.675925926,0.948412698,0.675925926,-2.505,-1.9,15.1,1,73.4,-0.1,2.559,14.715948,1.165333333,-0.5786891,-0.023694947,0.013680284
LaCaCr2O6,2.04492401,,3.7,2,5,3,1.05,1.66,0.776531811,0.746031746,0.917460317,0.746031746,-2.39,-1.78,17.3,1.015,76.9,-0.1,2.606,40.115948,1.1752,-0.5802706,-0.016089135,0.009289066
BaScMo2O6,-2.64692399,,4.38,1,5,4,1.125,2.16,0.850439237,0.615079365,0.942460317,0.615079365,-2.315,-1.28,20.9,1.025,75.1,0.1,2.721,31.215948,1.1485,-0.9973265,-0.044569724,0.025732342
LaSrCr2O6,2.14762401,0.882208695,3.7,2,5,3,1.025,1.66,0.805458906,0.746031746,0.988888889,0.746031746,-2.415,-1.78,19.1,1.035,76.8,-0.1,2.601,23.615948,1.1932,-0.7116612,-0.016089135,0.009289066
Ag2Sn2O6,4.20082901,,0,1,2,-4,1.93,1.96,0.793944456,0.658730159,0.862433862,0.658730159,-1.51,-1.48,24.2,0.97,91.4,-1.8,2.842,99.415948,1.139333333,-2.0767022,0.027347502,-0.013673751
Sr2La2O6,4.21552701,-1.064535305,0,1,4,3,0.95,1.1,0.75013795,0.93015873,1.047619048,0.93015873,-2.49,-2.34,23.8,1.15,70.2,-0.2,2.474,9.615948,1.2544,-0.8403272,-0.043291117,0.024994138
LaCaCu2O6,4.87102701,2.039231695,0,1,5,2,1.05,1.9,0.821331723,0.650793651,0.917460317,0.650793651,-2.39,-1.54,18.3,1.005,79.9,-0.3,2.654,101.315948,1.1512,-0.5845928,-0.012155645,0.007018065
Li2Au2O6,4.74533901,,0,1,2,3,0.98,2.54,0.655515299,0.849206349,0.714285714,0.849206349,-2.46,-0.9,21.2,0.92,77,-0.4,2.768,81.015948,1.15,-0.576392,-0.021083525,0.012172579
BaRbSc2O6,5.52595801,2.345670695,0,1,3,3,0.855,1.36,0.934567704,0.702380952,1.25,0.702380952,-2.585,-2.08,18.3,1.13,66.7,-0.3,2.507,10.815948,1.248,-0.6795146,-0.026422852,0.01525524
CaRbV2O6,0.28444701,,3.25,1,3,5,0.91,1.63,0.923143086,0.617063492,1.111111111,0.617063492,-2.53,-1.81,15.1,1.045,73.9,0.1,2.572,32.015948,1.1915,-0.685657,-0.023622133,0.013638245
LaCaSc2O6,5.02305501,0.395072695,0,1,5,3,1.05,1.36,0.796442883,0.702380952,0.917460317,0.702380952,-2.39,-2.08,16.7,1.055,69.3,-0.1,2.546,24.515948,1.1642,-0.5814772,-0.026422852,0.01525524
Sr2Sn2O6,4.23377601,1.061601695,0,1,4,-4,0.95,1.96,0.872887797,0.658730159,1.047619048,0.658730159,-2.49,-1.48,22.4,1.05,80.2,-1.6,2.646,20.415948,1.186,-1.7231476,0.027347502,-0.013673751
BaTlNb2O6,-1.12966499,-1.016259305,0,1,3,5,1.255,1.6,0.908105283,0.650793651,1.120039683,0.650793651,-2.185,-1.84,26.7,1.055,80.4,0.1,2.635,17.215948,1.20225,-0.9705545,-0.045979948,0.026546535
Tl2Ta2O6,0.43713001,-0.720851305,0,1,2,5,1.62,1.5,0.881333813,0.650793651,1.057539683,0.650793651,-1.82,-1.94,35.6,1.03,86.6,0,2.688,20.615948,1.1865,-0.614784,-0.048716239,0.028126334
BaCaSc2O6,5.37330701,1.774034695,0,1,4,3,0.945,1.36,0.848857791,0.702380952,1.043650794,0.702380952,-2.495,-2.08,16.6,1.075,67.4,-0.2,2.525,25.015948,1.196,-0.5801506,-0.026422852,0.01525524
LaLiCu2O6,4.80376601,,0,1,4,2,1.04,1.9,0.780537101,0.650793651,0.822222222,0.650793651,-2.4,-1.54,16.6,0.97,79.5,-0.4,2.652,89.815948,1.1272,-0.5810057,-0.012155645,0.007018065
Ba2Mn2O6,3.88489401,,3.9,2,4,2,0.89,1.55,1.018974838,0.514550265,1.182539683,0.514550265,-2.55,-1.89,21,1.07,75.4,-0.4,2.552,5.175948,1.183666667,-0.5848378,-0.024220011,0.01398343
Na2Ti2O6,5.13627501,2.326804695,0,1,2,4,0.93,1.54,0.810354417,0.675925926,0.920634921,0.675925926,-2.51,-1.9,11.4,1,73,-0.2,2.558,32.415948,1.158333333,-0.9689186,-0.023694947,0.013680284
K2Nb2O6,2.27980501,0.360816695,0,1,2,5,0.82,1.6,0.945075409,0.650793651,1.206349206,0.650793651,-2.62,-1.84,16.8,1.09,73.2,0,2.548,30.815948,1.224,-0.9479188,-0.045979948,0.026546535
BaSrTi2O6,3.70536201,0.873934695,0,1,4,4,0.92,1.54,0.89239443,0.675925926,1.115079365,0.675925926,-2.52,-1.9,18.6,1.055,73.7,0,2.556,9.715948,1.207333333,-0.7136668,-0.023694947,0.013680284
Sr2Pt2O6,3.14129901,1.132828695,0,1,4,2,0.95,2.28,0.883455446,0.638888889,1.047619048,0.638888889,-2.49,-1.16,28,1.03,77.2,-0.4,2.71,21.415948,1.181,-0.8461422,-0.036128856,0.020859005
La2Cr2O6,1.94145301,-0.646335305,3.7,2,6,3,1.1,1.66,0.781674405,0.746031746,0.93015873,0.746031746,-2.34,-1.78,21,1.03,78.6,0,2.616,21.415948,1.1784,-0.5793528,-0.016089135,0.009289066
BaRbY2O6,5.34056001,2.030685695,0,1,3,3,0.855,1.22,0.871585967,0.825396825,1.25,0.825396825,-2.585,-2.22,21.9,1.17,67.9,-0.3,2.479,11.015948,1.279,-0.9876438,-0.039929452,0.02305328
Ba2Ru2O6,1.40869101,0.312121695,0,1,4,3,0.89,2.2,1.012255934,0.524603175,1.182539683,0.524603175,-2.55,-1.24,24.8,1.05,75.8,-0.2,2.682,27.615948,1.1862,-1.0722832,-0.046062567,0.026594236
Na2Hf2O6,5.17109301,,0,1,2,4,0.93,1.3,0.810994507,0.674603175,0.920634921,0.674603175,-2.51,-2.14,21.4,1.03,72.8,-0.2,2.51,32.615948,1.158,-0.9687904,-0.050796367,0.029327296
BaSrIr2O6,2.15768701,,0,1,4,3,0.92,2.2,0.930587443,0.607142857,1.115079365,0.607142857,-2.52,-1.24,29.6,1.045,76.7,-0.2,2.688,35.315948,1.19,-0.7193478,-0.040770942,0.023539114
BaBiSc2O6,5.30544401,,0,1,5,3,1.455,1.36,0.831550982,0.702380952,1.001984127,0.702380952,-1.985,-2.08,22.9,1.055,74.5,-0.1,2.627,5.815948,1.1855,-0.6086224,-0.026422852,0.01525524
LaTlY2O6,4.23946001,,0,1,4,3,1.36,1.22,0.77236044,0.825396825,0.993849206,0.825396825,-2.08,-2.22,26.4,1.105,76.7,-0.2,2.58,9.315948,1.21445,-0.9039673,-0.039929452,0.02305328
Na2Au2O6,4.77370901,,0,1,2,3,0.93,2.54,0.734419919,0.849206349,0.920634921,0.849206349,-2.51,-0.9,22.8,0.99,76.8,-0.4,2.758,92.015948,1.202,-0.9679642,-0.021083525,0.012172579
Ag2Zn2O6,4.58311401,,0,1,2,2,1.93,1.65,0.775394352,0.698412698,0.862433862,0.698412698,-1.51,-1.79,20.2,0.95,90,-0.6,2.78,110.015948,1.149333333,-1.2119802,-0.009814351,0.005666318
Rb2In2O6,5.48107701,,0,1,2,3,0.82,1.78,0.938523546,0.746031746,1.317460317,0.746031746,-2.62,-1.66,22,1.14,78.2,-0.4,2.584,28.015948,1.276,-1.5623552,0.024984978,-0.012492489
Ag2Ge2O6,3.87102101,,0,1,2,-4,1.93,2.01,0.817410795,0.611111111,0.862433862,0.611111111,-1.51,-1.43,20.6,0.93,91.6,-1.8,2.852,98.015948,1.127333333,-1.2527398,0.027657296,-0.013828648
Ca2Tl2O6,4.60129601,,0,1,4,1,1,1.62,0.654602228,1.057539683,0.904761905,1.057539683,-2.44,-1.82,25,1.1,79.4,-0.6,2.588,49.215948,1.2505,-0.6081034,0.015625586,-0.007812793
Rb2Y2O6,5.55585101,2.270781695,0,1,2,3,0.82,1.22,0.897718174,0.825396825,1.317460317,0.825396825,-2.62,-2.22,20,1.19,67.4,-0.4,2.472,15.015948,1.296,-1.0892522,-0.039929452,0.02305328
BaLiIr2O6,2.28648401,-0.474569305,0,1,3,3,0.935,2.2,0.857257851,0.607142857,0.948412698,0.607142857,-2.505,-1.24,26.1,0.99,76.4,-0.3,2.691,40.315948,1.148,-0.5843701,-0.040770942,0.023539114
Sr2Mo2O6,-2.07056299,-3.229292305,4.38,1,4,4,0.95,2.16,0.896479359,0.615079365,1.047619048,0.615079365,-2.49,-1.28,20.8,1.05,74.8,0,2.686,34.815948,1.175,-1.2608454,-0.044569724,0.025732342
Ag2Ru2O6,1.85494501,-0.608896305,0,1,2,3,1.93,2.2,0.86379173,0.524603175,0.862433862,0.524603175,-1.51,-1.24,23,0.94,87.2,-0.4,2.89,110.015948,1.105533333,-1.6931078,-0.046062567,0.026594236
BaNaSc2O6,5.46718301,2.248071695,0,1,3,3,0.91,1.36,0.852154326,0.702380952,1.051587302,0.702380952,-2.53,-2.08,15.7,1.075,66.9,-0.3,2.518,19.015948,1.198,-0.7723496,-0.026422852,0.01525524
Bi2Ti2O6,-1.82235499,,0,1,6,4,2.02,1.54,0.768497267,0.675925926,0.821428571,0.675925926,-1.42,-1.9,25.8,0.96,88.2,0.2,2.776,6.015948,1.133333333,-0.6414642,-0.023694947,0.013680284
Sr2Pb2O6,4.00192601,-0.889100305,0,1,4,2,0.95,2.33,0.765723188,0.890873016,1.047619048,0.890873016,-2.49,-1.11,28.8,1.12,80,-0.4,2.72,14.015948,1.2445,-0.885318,0.019028072,-0.009514036
BaCaV2O6,0.07202101,,3.25,1,4,5,0.945,1.63,0.893644153,0.617063492,1.043650794,0.617063492,-2.495,-1.81,17,1.025,74.4,0.2,2.579,28.015948,1.1745,-0.5840486,-0.023622133,0.013638245
Ba2V2O6,0.01538701,,3.25,1,4,5,0.89,1.63,0.954377251,0.617063492,1.182539683,0.617063492,-2.55,-1.81,20.6,1.06,74.2,0.2,2.568,9.815948,1.2095,-0.5818042,-0.023622133,0.013638245
Ag2Rh2O6,2.38295201,,0,1,2,3,1.93,2.28,0.827602949,0.591269841,0.862433862,0.591269841,-1.51,-1.16,23.2,0.95,87.8,-0.4,2.906,116.015948,1.122333333,-1.7325362,-0.03567009,0.020594136
La2Os2O6,0.60499201,,0,1,6,4,1.1,2.2,0.889644952,0.534126984,0.93015873,0.534126984,-2.34,-1.24,31.4,1.01,79.8,0.2,2.724,20.215948,1.125,-0.5875616,-0.052177822,0.03012488
Ba2Ge2O6,2.83087701,,0,1,4,-4,0.89,2.01,0.957903275,0.611111111,1.182539683,0.611111111,-2.55,-1.43,22.4,1.04,80.2,-1.6,2.644,15.615948,1.208,-0.6319152,0.027657296,-0.013828648
Rb2Nb2O6,2.05246701,,0,1,2,5,0.82,1.6,0.992669135,0.650793651,1.317460317,0.650793651,-2.62,-1.84,20.4,1.12,73,0,2.548,22.415948,1.252,-1.157166,-0.045979948,0.026546535
BaTlTi2O6,3.43475301,-0.893210305,0,1,3,4,1.255,1.54,0.894487288,0.675925926,1.120039683,0.675925926,-2.185,-1.9,22.9,1.045,80,-0.1,2.623,10.815948,1.208583333,-0.5966371,-0.023694947,0.013680284
Li2Sc2O6,5.41883601,,0,1,2,3,0.98,1.36,0.712051584,0.702380952,0.714285714,0.702380952,-2.46,-2.08,9.6,0.97,66.8,-0.4,2.532,20.215948,1.113,-0.5752208,-0.026422852,0.01525524
K2Ru2O6,2.01605301,0.690009695,0,1,2,3,0.82,2.2,1.023298726,0.524603175,1.206349206,0.524603175,-2.62,-1.24,17.4,1.06,75,-0.4,2.668,44.015948,1.1922,-1.0662528,-0.046062567,0.026594236
BaSnIr2O6,1.91454301,,0,1,-2,3,1.425,2.2,0.845036252,0.607142857,0.920634921,0.607142857,-2.015,-1.24,30.8,0.99,83.5,-0.8,2.789,38.515948,1.141,-1.0284496,-0.040770942,0.023539114
BaNaCu2O6,4.84083801,,0,1,3,2,0.91,1.9,0.878784149,0.650793651,1.051587302,0.650793651,-2.53,-1.54,17.3,1.025,77.5,-0.5,2.626,95.815948,1.185,-0.7754652,-0.012155645,0.007018065
Rb2Pd2O6,3.85655101,0.032542695,0,1,2,2,0.82,2.2,0.980297591,0.671626984,1.317460317,0.671626984,-2.62,-1.24,21.4,1.11,76.2,-0.6,2.668,26.015948,1.25725,-1.327662,-0.027561867,0.015912851
Ca2Nb2O6,-2.05035699,-1.535745305,0,1,4,5,1,1.6,0.81589244,0.650793651,0.904761905,0.650793651,-2.44,-1.84,17,1.01,74.4,0.2,2.584,50.815948,1.148,-0.958438,-0.045979948,0.026546535
La2Cu2O6,4.82566601,1.961336695,0,1,6,2,1.1,1.9,0.826771006,0.650793651,0.93015873,0.650793651,-2.34,-1.54,22,1.02,81.6,-0.2,2.664,82.615948,1.1544,-0.583675,-0.012155645,0.007018065
BaTlY2O6,5.19679301,0.394080695,0,1,3,3,1.255,1.22,0.821243039,0.825396825,1.120039683,0.825396825,-2.185,-2.22,26.3,1.125,74.8,-0.3,2.559,9.815948,1.24625,-0.9026407,-0.039929452,0.02305328
LaScTi2O6,-1.31443399,,0,1,6,4,1.23,1.54,0.766320696,0.675925926,0.816269841,0.675925926,-2.21,-1.9,17,0.995,76,0.2,2.618,7.315948,1.132033333,-0.5851095,-0.023694947,0.013680284
BaScIr2O6,2.46512701,,0,1,5,3,1.125,2.2,0.854638937,0.607142857,0.942460317,0.607142857,-2.315,-1.24,27.9,1.005,77.1,-0.1,2.729,33.415948,1.1465,-0.5894639,-0.040770942,0.023539114
BaAgCu2O6,4.96186101,2.238134695,0,1,3,2,1.41,1.9,0.866319125,0.650793651,1.022486772,0.650793651,-2.03,-1.54,20.9,1.005,83.5,-0.5,2.726,124.815948,1.177666667,-0.8914341,-0.012155645,0.007018065
Sr2Ag2O6,5.19387601,,0,1,4,1,0.95,1.93,0.777415694,0.862433862,1.047619048,0.862433862,-2.49,-1.51,21.8,1.08,77.8,-0.6,2.64,93.015948,1.237333333,-1.4584986,-0.016382557,0.009458474
LaNaIr2O6,1.88067601,,0,1,4,3,1.015,2.2,0.847131383,0.607142857,0.925396825,0.607142857,-2.425,-1.24,27,1.005,78.2,-0.2,2.707,45.315948,1.1422,-0.7814828,-0.040770942,0.023539114
Ag2Ir2O6,2.90092501,,0,1,2,3,1.93,2.2,0.819429093,0.607142857,0.862433862,0.607142857,-1.51,-1.24,29.6,0.95,88,-0.4,2.89,116.015948,1.126333333,-1.2065374,-0.040770942,0.023539114
LaNaCu2O6,4.91480601,2.111453695,0,1,4,2,1.015,1.9,0.824731275,0.650793651,0.925396825,0.650793651,-2.425,-1.54,17.4,1.005,79.4,-0.4,2.647,95.315948,1.1532,-0.7767918,-0.012155645,0.007018065
BaAgSc2O6,5.66526401,2.487256695,0,1,3,3,1.41,1.36,0.840067031,0.702380952,1.022486772,0.702380952,-2.03,-2.08,19.3,1.055,72.9,-0.3,2.618,48.015948,1.190666667,-0.8883185,-0.026422852,0.01525524
BaPbMo2O6,-2.39323599,,4.38,1,4,4,1.61,2.16,0.89170161,0.615079365,1.036706349,0.615079365,-1.83,-1.28,27,1.045,81.4,0,2.818,33.115948,1.17225,-1.0173974,-0.044569724,0.025732342
La2Pd2O6,3.88014501,1.384462695,0,1,6,2,1.1,2.2,0.816467035,0.671626984,0.93015873,0.671626984,-2.34,-1.24,25.4,1.03,81,-0.2,2.724,17.015948,1.15965,-1.1270984,-0.027561867,0.015912851
Pb2Nb2O6,-1.93664499,-1.423978305,0,1,4,5,2.33,1.6,0.809943224,0.650793651,0.890873016,0.650793651,-1.11,-1.84,29.4,1.01,87.6,0.2,2.85,17.815948,1.1445,-1.0015932,-0.045979948,0.026546535
Sr2Cu2O6,4.78966401,,0,1,4,2,0.95,1.9,0.877084373,0.650793651,1.047619048,0.650793651,-2.49,-1.54,18.2,1.03,78,-0.4,2.634,87.015948,1.184,-0.8482918,-0.012155645,0.007018065
LaNaTi2O6,3.86983601,0.712606695,0,1,4,4,1.015,1.54,0.81236356,0.675925926,0.925396825,0.675925926,-2.425,-1.9,16,1.015,75.2,0,2.575,19.715948,1.159533333,-0.7758018,-0.023694947,0.013680284
Ag2Nb2O6,2.10858901,0.319394695,0,1,2,5,1.93,1.6,0.797761497,0.650793651,0.862433862,0.650793651,-1.51,-1.84,22.4,0.97,85.4,0,2.77,96.815948,1.137333333,-1.5747738,-0.045979948,0.026546535
Ca2Cu2O6,4.89560801,1.106284695,0,1,4,2,1,1.9,0.81589244,0.650793651,0.904761905,0.650793651,-2.44,-1.54,14.6,0.99,78.2,-0.4,2.644,120.015948,1.148,-0.5855106,-0.012155645,0.007018065
Sr2Ge2O6,3.99458001,0.886552695,0,1,4,-4,0.95,2.01,0.898687436,0.611111111,1.047619048,0.611111111,-2.49,-1.43,18.8,1.01,80.4,-1.6,2.656,19.015948,1.174,-0.8991852,0.027657296,-0.013828648
SrNaV2O6,0.58008501,-0.094366305,3.25,1,3,5,0.94,1.63,0.867615682,0.617063492,0.984126984,0.617063492,-2.5,-1.81,14.3,1.01,74,0.1,2.578,23.715948,1.1595,-0.9098826,-0.023622133,0.013638245
LaTlCo2O6,2.49369301,,3.32,2,4,2,1.36,1.88,0.875807236,0.60978836,0.993849206,0.60978836,-2.08,-1.56,24,1.015,84.5,-0.4,2.712,25.915948,1.160116667,-0.6054419,-0.015540806,0.008972489
La2Re2O6,-1.44914399,-3.834517305,0,1,6,4,1.1,1.9,0.871829502,0.56547619,0.93015873,0.56547619,-2.34,-1.54,31.2,1.02,78.8,0.2,2.664,12.215948,1.1329,-0.5866356,-0.051535313,0.029753927
Ba2Ga2O6,5.13331001,2.004139695,0,1,4,3,0.89,1.81,0.96264537,0.603174603,1.182539683,0.603174603,-2.55,-1.63,22.2,1.05,79.6,-0.2,2.604,9.415948,1.206,-0.6122144,0.030344454,-0.015172227
LaSrNb2O6,-2.05568799,-1.834139305,0,1,5,5,1.025,1.6,0.851927689,0.650793651,0.988888889,0.650793651,-2.415,-1.84,22.5,1.045,76,0.3,2.589,15.615948,1.1692,-1.0889108,-0.045979948,0.026546535
BaTlMo2O6,-1.91895699,-2.349896305,4.38,1,3,4,1.255,2.16,0.928186236,0.615079365,1.120039683,0.615079365,-2.185,-1.28,26.9,1.055,81,-0.1,2.747,34.215948,1.19325,-1.0101807,-0.044569724,0.025732342
Bi2Os2O6,-0.13027799,,0,1,6,4,2.02,2.2,0.839529262,0.534126984,0.821428571,0.534126984,-1.42,-1.24,36.6,0.94,90.6,0.2,2.908,19.215948,1.0976,-0.6463408,-0.052177822,0.03012488
Ba2Ir2O6,2.28551301,0.821392695,0,1,4,3,0.89,2.2,0.960268468,0.607142857,1.182539683,0.607142857,-2.55,-1.24,31.4,1.06,76.6,-0.2,2.682,33.615948,1.207,-0.5857128,-0.040770942,0.023539114
LaTlIr2O6,2.14056601,,0,1,4,3,1.36,2.2,0.877248894,0.607142857,0.993849206,0.607142857,-2.08,-1.24,34,1.015,84.9,-0.2,2.776,35.915948,1.15945,-0.6036447,-0.040770942,0.023539114
Sr2Sc2O6,5.32824101,2.094101695,0,1,4,3,0.95,1.36,0.850506058,0.702380952,1.047619048,0.702380952,-2.49,-2.08,16.6,1.08,67.4,-0.2,2.526,10.215948,1.197,-0.8451762,-0.026422852,0.01525524
BaLiMo2O6,-1.57859099,-2.092265305,4.38,1,3,4,0.935,2.16,0.853045281,0.615079365,0.948412698,0.615079365,-2.505,-1.28,19.1,1.01,74.4,-0.1,2.683,38.115948,1.15,-0.9922327,-0.044569724,0.025732342
Sr2Hf2O6,4.31551101,1.030501695,0,1,4,4,0.95,1.3,0.864613979,0.674603175,1.047619048,0.674603175,-2.49,-2.14,26.8,1.07,73.6,0,2.514,11.615948,1.19,-0.8471736,-0.050796367,0.029327296
LaLiY2O6,4.01793601,,0,1,4,3,1.04,1.22,0.70587703,0.825396825,0.822222222,0.825396825,-2.4,-2.22,18.6,1.06,70.1,-0.2,2.516,13.215948,1.1712,-0.8860193,-0.039929452,0.02305328
Ca2Ag2O6,5.11830301,1.860542695,0,1,4,1,1,1.93,0.72317739,0.862433862,0.904761905,0.862433862,-2.44,-1.51,18.2,1.04,78,-0.6,2.65,126.015948,1.201333333,-1.1957174,-0.016382557,0.009458474
BaSnCu2O6,4.89120901,-0.573006305,0,1,-2,2,1.425,1.9,0.822691543,0.650793651,0.920634921,0.650793651,-2.015,-1.54,21.2,0.99,84.7,-1,2.729,88.515948,1.152,-1.0237586,-0.012155645,0.007018065
K2Rh2O6,3.21852901,,0,1,2,3,0.82,2.28,0.980427357,0.591269841,1.206349206,0.591269841,-2.62,-1.16,17.6,1.07,75.6,-0.4,2.684,50.015948,1.209,-1.1056812,-0.03567009,0.020594136
Bi2Nb2O6,-2.24747799,,0,1,6,5,2.02,1.6,0.780197146,0.650793651,0.821428571,0.650793651,-1.42,-1.84,29.6,0.97,88.6,0.4,2.788,12.415948,1.127,-1.0153816,-0.045979948,0.026546535
Rb2Hf2O6,5.11580601,,0,1,2,4,0.82,1.3,0.978555356,0.674603175,1.317460317,0.674603175,-2.62,-2.14,26.6,1.14,72.4,-0.2,2.488,16.215948,1.258,-0.7831204,-0.050796367,0.029327296
Na2Pd2O6,4.02551201,,0,1,2,2,0.93,2.2,0.812438414,0.671626984,0.920634921,0.671626984,-2.51,-1.24,16.2,1,76.6,-0.6,2.69,42.415948,1.15725,-1.513332,-0.027561867,0.015912851
BaLiNb2O6,-1.12372899,-0.900281305,0,1,3,5,0.935,1.6,0.834589975,0.650793651,0.948412698,0.650793651,-2.505,-1.84,18.9,1.01,73.8,0.1,2.571,21.115948,1.159,-0.9526065,-0.045979948,0.026546535
Ca2Co2O6,3.28752501,-0.532740305,3.32,2,4,2,1,1.88,0.836675238,0.60978836,0.904761905,0.60978836,-2.44,-1.56,14.2,0.99,76.6,-0.4,2.64,60.015948,1.137666667,-0.5919988,-0.015540806,0.008972489
LaSrSc2O6,5.09040901,,0,1,5,3,1.025,1.36,0.826111699,0.702380952,0.988888889,0.702380952,-2.415,-2.08,18.5,1.075,69.2,-0.1,2.541,8.015948,1.1822,-0.7128678,-0.026422852,0.01525524
Na2Ta2O6,1.57778701,-0.390504305,0,1,2,5,0.93,1.5,0.822691543,0.650793651,0.920634921,0.650793651,-2.51,-1.94,21.6,1.01,73.2,0,2.55,39.415948,1.152,-0.9704602,-0.048716239,0.028126334
Ba2Pt2O6,3.31630401,,0,1,4,2,0.89,2.28,0.941667626,0.638888889,1.182539683,0.638888889,-2.55,-1.16,31.6,1.06,77,-0.4,2.698,18.015948,1.215,-0.5788722,-0.036128856,0.020859005
BaCaMo2O6,-1.94104299,,4.38,1,4,4,0.945,2.16,0.894741996,0.615079365,1.043650794,0.615079365,-2.495,-1.28,20.8,1.045,74.8,0,2.685,49.615948,1.174,-0.9958198,-0.044569724,0.025732342
CaBaMn2O6,3.72958901,1.557287695,3.9,2,4,2,0.945,1.55,0.954130984,0.514550265,1.043650794,0.514550265,-2.495,-1.89,17.4,1.035,75.6,-0.4,2.563,23.375948,1.148666667,-0.5870822,-0.024220011,0.01398343
BaCaNb2O6,-1.64513599,-1.299699305,0,1,4,5,0.945,1.6,0.875384597,0.650793651,1.043650794,0.650793651,-2.495,-1.84,20.6,1.045,74.2,0.2,2.573,32.615948,1.183,-0.9561936,-0.045979948,0.026546535
BaCaIr2O6,2.12671701,,0,1,4,3,0.945,2.2,0.899160475,0.607142857,1.043650794,0.607142857,-2.495,-1.24,27.8,1.025,76.8,-0.2,2.693,51.815948,1.172,-0.5879572,-0.040770942,0.023539114
Ca2Rh2O6,2.04005501,,0,1,4,3,1,2.28,0.846412107,0.591269841,0.904761905,0.591269841,-2.44,-1.16,17.8,0.99,76.8,-0.2,2.72,70.015948,1.133,-1.1162004,-0.03567009,0.020594136
LaPbSc2O6,4.99722801,-1.745280305,0,1,5,3,1.715,1.36,0.793558414,0.702380952,0.910515873,0.702380952,-1.725,-2.08,22.9,1.055,75.9,-0.1,2.679,8.015948,1.16245,-0.6030548,-0.026422852,0.01525524
La2Ni2O6,4.36486401,2.185200695,6.2,2,6,2,1.1,1.91,0.859841846,0.587301587,0.93015873,0.587301587,-2.34,-1.53,21.8,1.02,80.6,-0.2,2.666,20.815948,1.1384,-0.5914166,-0.015082085,0.008707646
BaSnV2O6,-0.12886299,,3.25,1,-2,5,1.425,1.63,0.839851981,0.617063492,0.920634921,0.617063492,-2.015,-1.81,20,0.99,81.1,-0.4,2.675,14.715948,1.1435,-1.024541,-0.023622133,0.013638245
Ba2Nb2O6,-1.37975599,-1.143329305,0,1,4,5,0.89,1.6,0.934876754,0.650793651,1.182539683,0.650793651,-2.55,-1.84,24.2,1.08,74,0.2,2.562,14.415948,1.218,-0.9539492,-0.045979948,0.026546535
LaAgNb2O6,-1.63340599,-1.720418305,0,1,4,5,1.515,1.6,0.812266251,0.650793651,0.896296296,0.650793651,-1.925,-1.84,23.4,1.005,81.6,0.2,2.687,55.115948,1.145866667,-1.2656881,-0.045979948,0.026546535
Sr2Au2O6,4.75554801,,0,1,4,3,0.95,2.54,0.782976607,0.849206349,1.047619048,0.849206349,-2.49,-0.9,28.2,1.03,77.6,-0.2,2.762,71.015948,1.234,-0.8463474,-0.021083525,0.012172579
Sr2Co2O6,3.50787601,-0.546231305,3.32,2,4,2,0.95,1.88,0.899425881,0.60978836,1.047619048,0.60978836,-2.49,-1.56,17.8,1.03,76.4,-0.4,2.63,27.015948,1.173666667,-0.85478,-0.015540806,0.008972489
Ca2Au2O6,4.87333801,,0,1,4,3,1,2.54,0.728350333,0.849206349,0.904761905,0.849206349,-2.44,-0.9,24.6,0.99,77.8,-0.2,2.772,104.015948,1.198,-0.5835662,-0.021083525,0.012172579
LaPbTi2O6,-0.86764699,,0,1,5,4,1.715,1.54,0.806084988,0.675925926,0.910515873,0.675925926,-1.725,-1.9,23.1,1.015,82.3,0.1,2.715,9.215948,1.155783333,-0.6051804,-0.023694947,0.013680284
BaCaMn2O6,3.71856501,1.542695695,3.9,2,4,2,0.945,1.55,0.954130984,0.514550265,1.043650794,0.514550265,-2.495,-1.89,17.4,1.035,75.6,-0.4,2.563,23.375948,1.148666667,-0.5870822,-0.024220011,0.01398343
Ba2Y2O6,5.07402901,1.768894695,0,1,4,3,0.89,1.22,0.84545376,0.825396825,1.182539683,0.825396825,-2.55,-2.22,23.8,1.15,68.4,-0.2,2.486,7.015948,1.262,-0.8860354,-0.039929452,0.02305328
La2Ir2O6,1.65890101,-0.381916305,0,1,6,3,1.1,2.2,0.849226514,0.607142857,0.93015873,0.607142857,-2.34,-1.24,31.6,1.02,80.4,0,2.724,32.615948,1.1434,-0.588366,-0.040770942,0.023539114
Rb2Cu2O6,4.07440701,,0,1,2,2,0.82,1.9,0.992669135,0.650793651,1.317460317,0.650793651,-2.62,-1.54,18,1.1,76.8,-0.6,2.608,91.615948,1.252,-0.7842386,-0.012155645,0.007018065
LaCaCo2O6,2.51611301,-0.030756305,3.32,2,5,2,1.05,1.88,0.842253073,0.60978836,0.917460317,0.60978836,-2.39,-1.56,17.9,1.005,78.3,-0.3,2.65,41.315948,1.140866667,-0.591081,-0.015540806,0.008972489
LaSnTi2O6,-1.03467199,-1.490452305,0,1,-1,4,1.53,1.54,0.757112123,0.675925926,0.794444444,0.675925926,-1.91,-1.9,19.9,0.98,82.4,-0.5,2.678,12.415948,1.126533333,-1.0240952,-0.023694947,0.013680284
BaRbTi2O6,4.53496501,1.639190695,0,1,3,4,0.855,1.54,0.949320154,0.675925926,1.25,0.675925926,-2.585,-1.9,18.5,1.09,73.1,-0.1,2.543,12.015948,1.241333333,-0.6816402,-0.023694947,0.013680284
SrLiV2O6,0.58987101,,3.25,1,3,5,0.965,1.63,0.822499667,0.617063492,0.880952381,0.617063492,-2.475,-1.81,13.5,0.975,74.1,0.1,2.583,18.215948,1.1335,-0.7140965,-0.023622133,0.013638245
LaAgTi2O6,3.23004701,,0,1,4,4,1.515,1.54,0.800085463,0.675925926,0.896296296,0.675925926,-1.925,-1.9,19.6,0.995,81.2,0,2.675,48.715948,1.1522,-0.8917707,-0.023694947,0.013680284
Bi2Au2O6,4.24759801,,0,1,6,3,2.02,2.54,0.696485006,0.849206349,0.821428571,0.849206349,-1.42,-0.9,37.2,0.95,92,0,2.976,65.615948,1.177,-0.6405098,-0.021083525,0.012172579
Ca2Mn2O6,3.51205601,,3.9,2,4,2,1,1.55,0.889287131,0.514550265,0.904761905,0.514550265,-2.44,-1.89,13.8,1,75.8,-0.4,2.574,41.575948,1.113666667,-0.5893266,-0.024220011,0.01398343
LaSnCu2O6,4.76926801,,0,1,-1,2,1.53,1.9,0.768638669,0.650793651,0.794444444,0.650793651,-1.91,-1.54,21.3,0.97,86.6,-0.9,2.75,88.015948,1.1202,-1.0250852,-0.012155645,0.007018065
BaPbIr2O6,1.79654801,,0,1,4,3,1.61,2.2,0.896105075,0.607142857,1.036706349,0.607142857,-1.83,-1.24,34,1.025,83.4,-0.2,2.826,35.315948,1.17025,-0.6095348,-0.040770942,0.023539114
Tl2Ru2O6,1.71535601,0.459093695,0,1,2,3,1.62,2.2,0.954281275,0.524603175,1.057539683,0.524603175,-1.82,-1.24,29.8,1,88.6,-0.4,2.828,33.215948,1.1547,-1.1054938,-0.046062567,0.026594236
LaRbCu2O6,5.02551301,2.000964695,0,1,4,2,0.96,1.9,0.90972007,0.650793651,1.123809524,0.650793651,-2.48,-1.54,20,1.06,79.2,-0.4,2.636,87.115948,1.2032,-0.6839568,-0.012155645,0.007018065
BaNaNb2O6,-1.13533599,-1.016456305,0,1,3,5,0.91,1.6,0.878784149,0.650793651,1.051587302,0.650793651,-2.53,-1.84,19.7,1.045,73.7,0.1,2.566,26.615948,1.185,-1.1483926,-0.045979948,0.026546535
CaBaCo2O6,2.56131601,-0.686303305,3.32,2,4,2,0.945,1.88,0.897682808,0.60978836,1.043650794,0.60978836,-2.495,-1.56,17.8,1.025,76.4,-0.4,2.629,41.815948,1.172666667,-0.5897544,-0.015540806,0.008972489
Sr2Ti2O6,3.88423201,1.102252695,0,1,4,4,0.95,1.54,0.863931568,0.675925926,1.047619048,0.675925926,-2.49,-1.9,16.8,1.04,73.8,0,2.562,11.415948,1.190333333,-0.8473018,-0.023694947,0.013680284
BaCaCu2O6,4.81950001,,0,1,4,2,0.945,1.9,0.875384597,0.650793651,1.043650794,0.650793651,-2.495,-1.54,18.2,1.025,78,-0.4,2.633,101.815948,1.183,-0.5832662,-0.012155645,0.007018065
La2Ru2O6,0.32682601,,0,1,6,3,1.1,2.2,0.895202338,0.524603175,0.93015873,0.524603175,-2.34,-1.24,25,1.01,79.6,0,2.724,26.615948,1.1226,-1.0749364,-0.046062567,0.026594236
Ba2Ag2O6,5.21504101,2.313518695,0,1,4,1,0.89,1.93,0.828640759,0.862433862,1.182539683,0.862433862,-2.55,-1.51,25.4,1.11,77.6,-0.6,2.628,89.615948,1.271333333,-1.1912286,-0.016382557,0.009458474
Na2Rh2O6,3.16221801,,0,1,2,3,0.93,2.28,0.853465541,0.591269841,0.920634921,0.591269841,-2.51,-1.16,16,0.99,75.8,-0.4,2.706,58.015948,1.137,-1.5005984,-0.03567009,0.020594136
LaCaNb2O6,-2.23023799,-2.200379305,0,1,5,5,1.05,1.6,0.821331723,0.650793651,0.917460317,0.650793651,-2.39,-1.84,20.7,1.025,76.1,0.3,2.594,32.115948,1.1512,-0.9575202,-0.045979948,0.026546535
BaNaIr2O6,2.67618101,,0,1,3,3,0.91,2.2,0.90265236,0.607142857,1.051587302,0.607142857,-2.53,-1.24,26.9,1.025,76.3,-0.3,2.686,45.815948,1.174,-0.7801562,-0.040770942,0.023539114
La2Ag2O6,4.89090301,1.699267695,0,1,6,1,1.1,1.93,0.732819755,0.862433862,0.93015873,0.862433862,-2.34,-1.51,25.6,1.07,81.4,-0.4,2.67,88.615948,1.207733333,-1.1938818,-0.016382557,0.009458474
Na2Os2O6,0.69344301,-0.927046305,0,1,2,4,0.93,2.2,0.885255256,0.534126984,0.920634921,0.534126984,-2.51,-1.24,22.2,0.98,75.4,-0.2,2.69,45.615948,1.1226,-0.9737952,-0.052177822,0.03012488
LaBaTi2O6,-0.68405799,-0.911061305,0,1,5,4,0.995,1.54,0.867614998,0.675925926,1.056349206,0.675925926,-2.445,-1.9,20.5,1.05,75.5,0.1,2.571,7.515948,1.192533333,-0.5813584,-0.023694947,0.013680284
CaBaV2O6,0.07303001,-0.167634305,3.25,1,4,5,0.945,1.63,0.893644153,0.617063492,1.043650794,0.617063492,-2.495,-1.81,17,1.025,74.4,0.2,2.579,28.015948,1.1745,-0.5840486,-0.023622133,0.013638245
LaBiTi2O6,-1.60725899,,0,1,6,4,1.56,1.54,0.791434985,0.675925926,0.875793651,0.675925926,-1.88,-1.9,23.2,0.995,82.8,0.2,2.684,6.515948,1.147033333,-0.6120746,-0.023694947,0.013680284
BaSrSc2O6,5.39277401,2.160701695,0,1,4,3,0.92,1.36,0.878526607,0.702380952,1.115079365,0.702380952,-2.52,-2.08,18.4,1.095,67.3,-0.2,2.52,8.515948,1.214,-0.7115412,-0.026422852,0.01525524
Pb2Pt2O6,3.27113901,,0,1,4,2,2.33,2.28,0.815826589,0.638888889,0.890873016,0.638888889,-1.11,-1.16,36.8,0.99,90.6,-0.4,2.986,21.415948,1.1415,-0.6265162,-0.036128856,0.020859005
LaTlHf2O6,2.97680701,-0.845037305,0,1,4,4,1.36,1.3,0.841909484,0.674603175,0.993849206,0.674603175,-2.08,-2.14,33,1.055,81.7,0,2.596,10.515948,1.17645,-0.5978355,-0.050796367,0.029327296
BaNaPb2O6,4.69816501,0.942399695,0,1,3,2,0.91,2.33,0.767207148,0.890873016,1.051587302,0.890873016,-2.53,-1.11,27.9,1.115,79.5,-0.5,2.712,22.815948,1.2455,-0.8124914,0.019028072,-0.009514036
PbBiHf2O6,-0.56982299,,0,1,5,4,2.175,1.3,0.783765869,0.674603175,0.856150794,0.674603175,-1.265,-2.14,35.7,1.01,87.5,0.1,2.759,8.915948,1.14175,-0.6344418,-0.050796367,0.029327296
LaRbHf2O6,3.89915001,,0,1,4,4,0.96,1.3,0.896785662,0.674603175,1.123809524,0.674603175,-2.48,-2.14,28.6,1.1,74.8,0,2.516,11.715948,1.2092,-0.6828386,-0.050796367,0.029327296
LiRbGa2O6,3.87522101,,0,1,2,3,0.9,1.81,0.889134269,0.603174603,1.015873016,0.603174603,-2.54,-1.63,15,1,78.9,-0.4,2.606,20.115948,1.164,-0.7124801,0.030344454,-0.015172227
BaRbMn2O6,3.70249001,1.740613695,3.9,2,3,2,0.855,1.55,1.050470423,0.514550265,1.25,0.514550265,-2.585,-1.89,19.1,1.09,74.9,-0.5,2.545,9.175948,1.200666667,-0.6864462,-0.024220011,0.01398343
K2Mn2O6,3.25311101,138.4493257,3.9,2,2,2,0.82,1.55,1.030090927,0.514550265,1.206349206,0.514550265,-2.62,-1.89,13.6,1.08,74.6,-0.6,2.538,21.575948,1.189666667,-0.5788074,-0.024220011,0.01398343
Eu2Ge2O6,2.32354001,,0,1,4,-4,1.2,2.01,0.856365528,0.611111111,0.951190476,0.611111111,-2.24,-1.43,23.8,0.98,81,-1.6,2.706,14.815948,1.1497,-0.634007,0.027657296,-0.013828648
BaRbGe2O6,3.02136401,3235.258325,0,1,3,-4,0.855,2.01,0.987511194,0.611111111,1.25,0.611111111,-2.585,-1.43,20.5,1.06,79.7,-1.7,2.637,19.615948,1.225,-0.7335236,0.027657296,-0.013828648
Na2Ag2O6,5.04370201,,0,1,2,1,0.93,1.93,0.729203868,0.862433862,0.920634921,0.862433862,-2.51,-1.51,16.4,1.04,77,-0.8,2.636,114.015948,1.205333333,-1.5801154,-0.016382557,0.009458474
ScBiOs2O6,-0.67710599,-6.589480305,0,1,6,4,1.69,2.2,0.812093665,0.534126984,0.761904762,0.534126984,-1.75,-1.24,30.4,0.94,83.8,0.2,2.842,20.015948,1.0826,-0.6193757,-0.052177822,0.03012488
Rb2Tl2O6,5.40834901,2.227518695,0,1,2,1,0.82,1.62,0.79643271,1.057539683,1.317460317,1.057539683,-2.62,-1.82,28.4,1.21,78,-0.8,2.552,20.815948,1.3545,-0.8068314,0.015625586,-0.007812793
Ca2Tl2O6,4.58804801,-6.669299305,0,1,4,1,1,1.62,0.654602228,1.057539683,0.904761905,1.057539683,-2.44,-1.82,25,1.1,79.4,-0.6,2.588,49.215948,1.2505,-0.6081034,0.015625586,-0.007812793
K2Cr2O6,2.20949001,,3.7,2,2,3,0.82,1.66,0.893525842,0.746031746,1.206349206,0.746031746,-2.62,-1.78,13.4,1.08,74,-0.4,2.56,38.815948,1.248,-0.5706692,-0.016089135,0.009289066
LaAgSn2O6,3.52085001,,0,1,4,-4,1.515,1.96,0.80837981,0.658730159,0.896296296,0.658730159,-1.925,-1.48,25.2,1.005,87.6,-1.6,2.759,57.715948,1.147866667,-1.7676165,0.027347502,-0.013673751
NaRbTl2O6,5.35936001,,0,1,2,1,0.875,1.62,0.728244978,1.057539683,1.119047619,1.057539683,-2.565,-1.82,25.8,1.155,78.2,-0.8,2.563,29.015948,1.3045,-0.8996664,0.015625586,-0.007812793
CaRbGe2O6,3.87467501,-6.237948305,0,1,3,-4,0.91,2.01,0.926553713,0.611111111,1.111111111,0.611111111,-2.53,-1.43,16.9,1.025,79.9,-1.7,2.648,37.815948,1.19,-0.735768,0.027657296,-0.013828648
NaLiPb2O6,5.24615001,,0,1,2,2,0.955,2.33,0.679653527,0.890873016,0.817460317,0.890873016,-2.485,-1.11,22.6,1.045,79.3,-0.6,2.721,29.515948,1.1865,-0.8111487,0.019028072,-0.009514036
Eu2Re2O6,-0.61636899,,0,1,4,4,1.2,1.9,0.881329288,0.56547619,0.951190476,0.56547619,-2.24,-1.54,32.4,1,75.8,0,2.684,12.415948,1.1382,-0.5860742,-0.051535313,0.029753927
Na2In2O6,5.10000701,,0,1,2,3,0.93,1.78,0.777817459,0.746031746,0.920634921,0.746031746,-2.51,-1.66,16.8,1.03,78.6,-0.4,2.606,44.415948,1.176,-1.7480252,0.024984978,-0.012492489
CaRbPb2O6,4.67121901,0.001966695,0,1,3,2,0.91,2.33,0.789466543,0.890873016,1.111111111,0.890873016,-2.53,-1.11,26.9,1.135,79.5,-0.5,2.712,32.815948,1.2605,-0.7219008,0.019028072,-0.009514036
BiSnHf2O6,-0.21800399,-2.590187305,0,1,-1,4,1.99,1.3,0.734754321,0.674603175,0.740079365,0.674603175,-1.45,-2.14,32.5,0.975,87.6,-0.5,2.722,12.115948,1.1125,-1.0533566,-0.050796367,0.029327296
Tb2Ge2O6,2.28225101,,0,1,6,-4,1.1,2.01,0.780778251,0.611111111,0.778968254,0.611111111,-2.34,-1.43,24.2,0.96,82.6,-1.4,2.686,14.215948,1.1063,-0.6344572,0.027657296,-0.013828648
Na2Rh2O6,3.16272001,-0.993946305,0,1,2,3,0.93,2.28,0.853465541,0.591269841,0.920634921,0.591269841,-2.51,-1.16,16,0.99,75.8,-0.4,2.706,58.015948,1.137,-1.5005984,-0.03567009,0.020594136
BaRbSn2O6,4.61464201,1.488033695,0,1,3,-4,0.855,1.96,0.959161591,0.658730159,1.25,0.658730159,-2.585,-1.48,24.1,1.1,79.5,-1.7,2.627,21.015948,1.237,-1.557486,0.027347502,-0.013673751
Na2Pd2O6,4.02934501,-0.980802305,0,1,2,2,0.93,2.2,0.812438414,0.671626984,0.920634921,0.671626984,-2.51,-1.24,16.2,1,76.6,-0.6,2.69,42.415948,1.15725,-1.513332,-0.027561867,0.015912851
Na2Tl2O6,5.20485001,2.052878695,0,1,2,1,0.93,1.62,0.660057246,1.057539683,0.920634921,1.057539683,-2.51,-1.82,23.2,1.1,78.4,-0.8,2.574,37.215948,1.2545,-0.9925014,0.015625586,-0.007812793
LaTlW2O6,-1.88944299,-1.633958305,6.2,1,4,4,1.36,2.36,0.876527473,0.608465608,0.993849206,0.608465608,-2.08,-1.08,33.4,1.015,82.7,0,2.808,39.915948,1.159783333,-0.6008251,-0.049758765,0.028728236
Bi2Ru2O6,-0.02125099,-4.780460305,0,1,6,3,2.02,2.2,0.844773588,0.524603175,0.821428571,0.524603175,-1.42,-1.24,30.2,0.94,90.4,0,2.908,25.615948,1.0952,-1.1337156,-0.046062567,0.026594236
SrRbGe2O6,3.72321301,-6.773267305,0,1,3,-4,0.885,2.01,0.957903275,0.611111111,1.182539683,0.611111111,-2.555,-1.43,18.7,1.045,79.8,-1.7,2.643,21.315948,1.208,-0.8671586,0.027657296,-0.013828648
Na2Ga2O6,5.36829101,2.260084695,0,1,2,3,0.93,1.81,0.847127926,0.603174603,0.920634921,0.603174603,-2.51,-1.63,13.2,0.98,79,-0.4,2.612,33.815948,1.14,-1.0011012,0.030344454,-0.015172227
BaRbFe2O6,-0.76039099,,5.3,1,3,2,0.855,1.83,0.948945668,0.676587302,1.25,0.676587302,-2.585,-1.61,19.3,1.09,75.1,-0.5,2.601,23.615948,1.2415,-0.6878146,-0.014558428,0.008405312
LiRbGe2O6,4.15067001,,0,1,2,-4,0.9,2.01,0.884754298,0.611111111,1.015873016,0.611111111,-2.54,-1.43,15.2,0.99,79.5,-1.8,2.646,26.315948,1.166,-0.7321809,0.027657296,-0.013828648
ScSnW2O6,-2.35523399,,6.2,1,-1,4,1.66,2.36,0.738798656,0.608465608,0.680555556,0.608465608,-1.78,-1.08,26.7,0.935,81.8,-0.5,2.868,42.315948,1.080833333,-1.0293811,-0.049758765,0.028728236
LaEuGe2O6,1.65007501,-2.975262305,0,1,5,-4,1.15,2.01,0.851750176,0.611111111,0.940674603,0.611111111,-2.29,-1.43,23.2,0.99,82.5,-1.5,2.696,14.715948,1.14705,-0.6342877,0.027657296,-0.013828648
K2Sn2O6,4.81333801,1.712359695,0,1,2,-4,0.82,1.96,0.940553518,0.658730159,1.206349206,0.658730159,-2.62,-1.48,18.6,1.09,79.2,-1.8,2.62,33.415948,1.226,-1.4498472,0.027347502,-0.013673751
Li2Pd2O6,3.90770301,,0,1,2,2,0.98,2.2,0.725151643,0.671626984,0.714285714,0.671626984,-2.46,-1.24,14.6,0.93,76.8,-0.6,2.7,31.415948,1.10525,-1.1217598,-0.027561867,0.015912851
SrRbPb2O6,4.73360801,0.785241695,0,1,3,2,0.885,2.33,0.816177817,0.890873016,1.182539683,0.890873016,-2.555,-1.11,28.7,1.155,79.4,-0.5,2.707,16.315948,1.2785,-0.8532914,0.019028072,-0.009514036
SrNaPb2O6,4.51153901,-0.059890305,0,1,3,2,0.94,2.33,0.741979833,0.890873016,0.984126984,0.890873016,-2.5,-1.11,26.1,1.1,79.6,-0.5,2.718,24.515948,1.2285,-0.9461264,0.019028072,-0.009514036
LaBiMo2O6,-2.54760799,-4.686386305,4.38,1,6,4,1.56,2.16,0.821251537,0.615079365,0.875793651,0.615079365,-1.88,-1.28,27.2,1.005,83.8,0.2,2.808,29.915948,1.1317,-1.0256182,-0.044569724,0.025732342
NaRbGa2O6,5.24280901,2.210294695,0,1,2,3,0.875,1.81,0.934641141,0.603174603,1.119047619,0.603174603,-2.565,-1.63,15.8,1.035,78.8,-0.4,2.601,25.615948,1.19,-0.9082662,0.030344454,-0.015172227
Sn2Au2O6,4.76839101,,0,1,-8,3,1.96,2.54,0.634271748,0.849206349,0.658730159,0.849206349,-1.48,-0.9,30.6,0.92,91.2,-1.4,2.964,77.415948,1.136,-1.464551,-0.021083525,0.012172579
Na2Sn2O6,4.84465801,1.492476695,0,1,2,-4,0.93,1.96,0.81875522,0.658730159,0.920634921,0.658730159,-2.51,-1.48,17,1.01,79.4,-1.8,2.642,41.415948,1.154,-1.8447644,0.027347502,-0.013673751
Rb2In2O6,5.49082001,2.274891695,0,1,2,3,0.82,1.78,0.938523546,0.746031746,1.317460317,0.746031746,-2.62,-1.66,22,1.14,78.2,-0.4,2.584,28.015948,1.276,-1.5623552,0.024984978,-0.012492489
Li2Ru2O6,2.25974301,-2.518607305,0,1,2,3,0.98,2.2,0.795081024,0.524603175,0.714285714,0.524603175,-2.46,-1.24,14.2,0.91,75.4,-0.4,2.7,41.015948,1.0682,-1.0695978,-0.046062567,0.026594236
CaLiPb2O6,3.58094401,-1.555850305,0,1,3,2,0.99,2.33,0.676685608,0.890873016,0.80952381,0.890873016,-2.45,-1.11,23.5,1.045,79.8,-0.5,2.728,35.515948,1.1845,-0.6189497,0.019028072,-0.009514036
RbPbTl2O6,4.18115201,,0,1,3,1,1.575,1.62,0.723130898,1.057539683,1.104166667,1.057539683,-1.865,-1.82,32.9,1.155,85.3,-0.7,2.703,18.515948,1.30075,-0.729045,0.015625586,-0.007812793
RbAgPb2O6,4.77671401,1.398907695,0,1,2,2,1.375,2.33,0.781552091,0.890873016,1.08994709,0.890873016,-2.065,-1.11,29.6,1.115,85,-0.6,2.805,55.815948,1.255166667,-1.0300687,0.019028072,-0.009514036
K2Fe2O6,0.42246901,-12.0376783,5.3,1,2,2,0.82,1.83,0.930535788,0.676587302,1.206349206,0.676587302,-2.62,-1.61,13.8,1.08,74.8,-0.6,2.594,36.015948,1.2305,-0.5801758,-0.014558428,0.008405312
K2Ge2O6,3.95024601,-7.021615305,0,1,2,-4,0.82,2.01,0.968353129,0.611111111,1.206349206,0.611111111,-2.62,-1.43,15,1.05,79.4,-1.8,2.63,32.015948,1.214,-0.6258848,0.027657296,-0.013828648
Rb2Sn2O6,4.71036301,1.631871695,0,1,2,-4,0.82,1.96,0.987919522,0.658730159,1.317460317,0.658730159,-2.62,-1.48,22.2,1.12,79,-1.8,2.62,25.015948,1.254,-1.6590944,0.027347502,-0.013673751
Bi2Ir2O6,1.38767101,59.85549969,0,1,6,3,2.02,2.2,0.801387685,0.607142857,0.821428571,0.607142857,-1.42,-1.24,36.8,0.95,91.2,0,2.908,31.615948,1.116,-0.6471452,-0.040770942,0.023539114
Li2Sn2O6,5.23098201,2.171523695,0,1,2,-4,0.98,1.96,0.730789783,0.658730159,0.714285714,0.658730159,-2.46,-1.48,15.4,0.94,79.6,-1.8,2.652,30.415948,1.102,-1.4531922,0.027347502,-0.013673751
Bi2Rh2O6,1.85547001,-2.659091305,0,1,6,3,2.02,2.28,0.809381577,0.591269841,0.821428571,0.591269841,-1.42,-1.16,30.4,0.95,91,0,2.924,31.615948,1.112,-1.173144,-0.03567009,0.020594136
Li2Rh2O6,3.33283801,,0,1,2,3,0.98,2.28,0.761770896,0.591269841,0.714285714,0.591269841,-2.46,-1.16,14.4,0.92,76,-0.4,2.716,47.015948,1.085,-1.1090262,-0.03567009,0.020594136
BaRbCo2O6,1.03780101,,3.32,2,3,2,0.855,1.88,0.988322625,0.60978836,1.25,0.60978836,-2.585,-1.56,19.5,1.08,75.7,-0.5,2.611,27.615948,1.224666667,-0.6891184,-0.015540806,0.008972489
BaRbCo2O6,1.03780101,,3.32,2,3,2,0.855,1.88,0.988322625,0.60978836,1.25,0.60978836,-2.585,-1.56,19.5,1.08,75.7,-0.5,2.611,27.615948,1.224666667,-0.6891184,-0.015540806,0.008972489
RbEuTi2O6,3.06698501,0.272366695,0,1,3,4,1.01,1.54,0.900514717,0.675925926,1.134325397,0.675925926,-2.43,-1.9,19.2,1.06,73.5,-0.1,2.574,11.615948,1.212183333,-0.6826861,-0.023694947,0.013680284
BaTlTi2O6,3.44063301,-0.858942305,0,1,3,4,1.255,1.54,0.894487288,0.675925926,1.120039683,0.675925926,-2.185,-1.9,22.9,1.045,80,-0.1,2.623,10.815948,1.208583333,-0.5966371,-0.023694947,0.013680284
BaSrCo2O6,1.45711801,0.211443695,3.32,2,4,2,0.92,1.88,0.929058129,0.60978836,1.115079365,0.60978836,-2.52,-1.56,19.6,1.045,76.3,-0.4,2.624,25.315948,1.190666667,-0.721145,-0.015540806,0.008972489
KCaCo2O6,2.49163201,-1.250660305,3.32,2,3,2,0.91,1.88,0.902912028,0.60978836,1.055555556,0.60978836,-2.53,-1.56,14.1,1.03,76,-0.5,2.622,50.015948,1.175666667,-0.5867392,-0.015540806,0.008972489
SrTlCo2O6,3.12186501,,3.32,2,3,2,1.285,1.88,0.901604723,0.60978836,1.052579365,0.60978836,-2.155,-1.56,22.1,1.02,82.7,-0.5,2.697,28.115948,1.174916667,-0.7377503,-0.015540806,0.008972489
KRbCo2O6,3.27109801,-0.218113305,3.32,2,2,2,0.82,1.88,0.993551845,0.60978836,1.261904762,0.60978836,-2.62,-1.56,15.8,1.085,75.3,-0.6,2.604,35.815948,1.227666667,-0.6861032,-0.015540806,0.008972489
KBaCo2O6,1.68884501,-2.243471305,3.32,2,3,2,0.855,1.88,0.963919597,0.60978836,1.194444444,0.60978836,-2.585,-1.56,17.7,1.065,75.8,-0.5,2.611,31.815948,1.210666667,-0.5844948,-0.015540806,0.008972489
BaRbTi2O6,4.50712001,1.602430695,0,1,3,4,0.855,1.54,0.949320154,0.675925926,1.25,0.675925926,-2.585,-1.9,18.5,1.09,73.1,-0.1,2.543,12.015948,1.241333333,-0.6816402,-0.023694947,0.013680284
BiPrTl2O6,0.99518301,,0,1,6,1,1.575,1.62,0.629372767,1.057539683,0.831349206,1.057539683,-1.865,-1.82,35.2,1.085,88,-0.4,2.703,11.315948,1.232,-0.6348806,0.015625586,-0.007812793
CePrGa2O6,2.61172101,,0,1,6,3,1.125,1.81,0.815623168,0.603174603,0.849206349,0.603174603,-2.315,-1.63,22.7,0.99,83.1,0,2.651,8.215948,1.122,-0.6142649,0.030344454,-0.015172227
LaBaPb2O6,2.49613401,,0,1,5,2,0.995,2.33,0.768987899,0.890873016,1.056349206,0.890873016,-2.445,-1.11,32.5,1.13,81.7,-0.3,2.729,10.115948,1.2467,-0.6193746,0.019028072,-0.009514036
LaTlSn2O6,2.83420401,-1.186236305,0,1,4,-4,1.36,1.96,0.849966034,0.658730159,0.993849206,0.658730159,-2.08,-1.48,28.6,1.035,88.3,-1.6,2.728,19.315948,1.17245,-1.4738095,0.027347502,-0.013673751
Ce2Ti2O6,-1.43019999,-1.328813305,0,1,6,4,1.12,1.54,0.783565841,0.675925926,0.857142857,0.675925926,-2.32,-1.9,20.8,1.01,77.2,0.2,2.596,6.615948,1.142333333,-0.5830332,-0.023694947,0.013680284
La2Pb2O6,3.41953601,,0,1,6,2,1.1,2.33,0.721797982,0.890873016,0.93015873,0.890873016,-2.34,-1.11,32.6,1.11,83.6,-0.2,2.75,9.615948,1.2149,-0.6207012,0.019028072,-0.009514036
LaScSn2O6,2.08427601,-2.660566305,0,1,6,-4,1.23,1.96,0.774265009,0.658730159,0.816269841,0.658730159,-2.21,-1.48,22.6,1.005,82.4,-1.4,2.702,16.315948,1.1277,-1.4609553,0.027347502,-0.013673751
LaScPb2O6,3.26510801,,0,1,6,2,1.23,2.33,0.679208339,0.890873016,0.816269841,0.890873016,-2.21,-1.11,29,1.075,82.2,-0.2,2.776,9.915948,1.1862,-0.6231257,0.019028072,-0.009514036
LaPbPb2O6,3.18447301,-1.768701305,0,1,5,2,1.715,2.33,0.714452382,0.890873016,0.910515873,0.890873016,-1.725,-1.11,35.1,1.095,88.5,-0.3,2.873,11.815948,1.20995,-0.6431966,0.019028072,-0.009514036
Bi2Tl2O6,2.30224301,-8.202616305,0,1,6,1,2.02,1.62,0.62596338,1.057539683,0.821428571,1.057539683,-1.42,-1.82,37.6,1.06,93.6,-0.4,2.792,10.815948,1.2295,-0.665047,0.015625586,-0.007812793
Sc2Pb2O6,2.96611601,,0,1,6,2,1.36,2.33,0.636618697,0.890873016,0.702380952,0.890873016,-2.08,-1.11,25.4,1.04,80.8,-0.2,2.802,10.215948,1.1575,-0.6255502,0.019028072,-0.009514036
Sc2Tl2O6,3.06548001,,0,1,6,1,1.36,1.62,0.585050741,1.057539683,0.702380952,1.057539683,-2.08,-1.82,25.2,1.06,80,-0.4,2.66,12.415948,1.1995,-0.6111168,0.015625586,-0.007812793
Nd2Ge2O6,1.61229701,,0,1,6,-4,1.14,2.01,0.883535148,0.611111111,1.013095238,0.611111111,-2.3,-1.43,23.2,0.98,83.4,-1.4,2.694,15.415948,1.1653,-0.633281,0.027657296,-0.013828648
LaNdGe2O6,1.65301701,,0,1,6,-4,1.12,2.01,0.865334986,0.611111111,0.971626984,0.611111111,-2.32,-1.43,22.9,0.99,83.7,-1.4,2.69,15.015948,1.15485,-0.6339247,0.027657296,-0.013828648
CaEuGe2O6,1.50265001,,0,1,4,-4,1.1,2.01,0.84617692,0.611111111,0.92797619,0.611111111,-2.34,-1.43,19.5,0.975,80.8,-1.6,2.686,33.415948,1.14385,-0.6352055,0.027657296,-0.013828648
LaEuGe2O6,1.63890701,,0,1,5,-4,1.15,2.01,0.851750176,0.611111111,0.940674603,0.611111111,-2.29,-1.43,23.2,0.99,82.5,-1.5,2.696,14.715948,1.14705,-0.6342877,0.027657296,-0.013828648
LaBiSn2O6,2.12579101,,0,1,6,-4,1.56,1.96,0.799639654,0.658730159,0.875793651,0.658730159,-1.88,-1.48,28.8,1.005,89.2,-1.4,2.768,15.515948,1.1427,-1.4879204,0.027347502,-0.013673751
LaTlGe2O6,2.44264301,0.030036695,0,1,4,-4,1.36,2.01,0.875088183,0.611111111,0.993849206,0.611111111,-2.08,-1.43,25,0.995,88.5,-1.6,2.738,17.915948,1.16045,-0.6498471,0.027657296,-0.013828648
LaBiGe2O6,1.45794101,,0,1,6,-4,1.56,2.01,0.823274324,0.611111111,0.875793651,0.611111111,-1.88,-1.43,25.2,0.965,89.4,-1.4,2.778,14.115948,1.1307,-0.663958,0.027657296,-0.013828648
LaScGe2O6,1.47712401,,0,1,6,-4,1.23,2.01,0.797149689,0.611111111,0.816269841,0.611111111,-2.21,-1.43,19,0.965,82.6,-1.4,2.712,14.915948,1.1157,-0.6369929,0.027657296,-0.013828648
La2Ge2O6,1.50128001,,0,1,6,-4,1.1,2.01,0.847134824,0.611111111,0.93015873,0.611111111,-2.34,-1.43,22.6,1,84,-1.4,2.686,14.615948,1.1444,-0.6345684,0.027657296,-0.013828648
Pr2Tl2O6,4.06038401,,0,1,6,1,1.13,1.62,0.632782153,1.057539683,0.841269841,1.057539683,-2.31,-1.82,32.8,1.11,82.4,-0.4,2.614,11.815948,1.2345,-0.6047142,0.015625586,-0.007812793
CePrGa2O6,2.61433001,-2.718303305,0,1,6,3,1.125,1.81,0.815623168,0.603174603,0.849206349,0.603174603,-2.315,-1.63,22.7,0.99,83.1,0,2.651,8.215948,1.122,-0.6142649,0.030344454,-0.015172227
KPrTl2O6,2.96241101,-6.830552305,0,1,4,1,0.975,1.62,0.695514867,1.057539683,1.023809524,1.057539683,-2.465,-1.82,28.8,1.145,80.3,-0.6,2.583,20.515948,1.2805,-0.6011492,0.015625586,-0.007812793
LaScIn2O6,3.07440601,,0,1,6,3,1.23,1.78,0.735551759,0.746031746,0.816269841,0.746031746,-2.21,-1.66,22.4,1.025,81.6,0,2.666,19.315948,1.1497,-1.3642161,0.024984978,-0.012492489
KLaTl2O6,4.84805701,0.750327695,0,1,4,1,0.96,1.62,0.710788919,1.057539683,1.068253968,1.057539683,-2.48,-1.82,28.6,1.155,80.5,-0.6,2.58,20.515948,1.2917,-0.601926,0.015625586,-0.007812793
LaCaTl2O6,3.83873501,-5.004983305,0,1,5,1,1.05,1.62,0.658966242,1.057539683,0.917460317,1.057539683,-2.39,-1.82,28.7,1.115,81.1,-0.5,2.598,30.515948,1.2537,-0.6071856,0.015625586,-0.007812793
LaPrTl2O6,3.88167201,,0,1,6,1,1.115,1.62,0.648056205,1.057539683,0.885714286,1.057539683,-2.325,-1.82,32.6,1.12,82.6,-0.4,2.611,11.815948,1.2457,-0.605491,0.015625586,-0.007812793
LaPrGa2O6,3.43917601,-1.765509305,0,1,6,3,1.115,1.81,0.8317256,0.603174603,0.885714286,0.603174603,-2.325,-1.63,22.6,1,83.2,0,2.649,8.415948,1.1312,-0.6140908,0.030344454,-0.015172227
LaNdGa2O6,3.75312401,-1.289637305,0,1,6,3,1.12,1.81,0.869618822,0.603174603,0.971626984,0.603174603,-2.32,-1.63,22.7,1,83.1,0,2.65,8.815948,1.15285,-0.6142239,0.030344454,-0.015172227
CaNdGa2O6,4.28339401,-2.243637305,0,1,5,3,1.07,1.81,0.864017977,0.603174603,0.958928571,0.603174603,-2.37,-1.63,19,0.985,81.4,-0.1,2.64,27.515948,1.14965,-0.6151417,0.030344454,-0.015172227
La2Tl2O6,2.95964301,,0,1,6,1,1.1,1.62,0.663330257,1.057539683,0.93015873,1.057539683,-2.34,-1.82,32.4,1.13,82.8,-0.4,2.608,11.815948,1.2569,-0.6062678,0.015625586,-0.007812793
AgNdGa2O6,4.11940501,,0,1,4,3,1.535,1.81,0.854683234,0.603174603,0.93776455,0.603174603,-1.905,-1.63,21.7,0.965,86.9,-0.2,2.733,50.515948,1.144316667,-0.9233096,0.030344454,-0.015172227
CaPrTl2O6,3.72310301,,0,1,5,1,1.065,1.62,0.64369219,1.057539683,0.873015873,1.057539683,-2.375,-1.82,28.9,1.105,80.9,-0.5,2.601,30.515948,1.2425,-0.6064088,0.015625586,-0.007812793
AgPrTl2O6,3.43235701,-8.489207305,0,1,4,1,1.53,1.62,0.636418832,1.057539683,0.851851852,1.057539683,-1.91,-1.82,31.6,1.085,86.4,-0.6,2.694,53.515948,1.237166667,-0.9145767,0.015625586,-0.007812793
Ce2Ga2O6,2.31966701,-2.783539305,0,1,6,3,1.12,1.81,0.819123697,0.603174603,0.857142857,0.603174603,-2.32,-1.63,22.6,0.99,83.2,0,2.65,8.015948,1.124,-0.6152158,0.030344454,-0.015172227
SrPrGa2O6,4.14508301,-1.458868305,0,1,5,3,1.04,1.81,0.857629512,0.603174603,0.944444444,0.603174603,-2.4,-1.63,20.7,1.005,81.4,-0.1,2.634,10.615948,1.146,-0.7463992,0.030344454,-0.015172227
LaCeGa2O6,3.09103601,,0,1,6,3,1.11,1.81,0.835226129,0.603174603,0.893650794,0.603174603,-2.33,-1.63,22.5,1,83.3,0,2.648,8.215948,1.1332,-0.6150417,0.030344454,-0.015172227
La2In2O6,3.43739201,,0,1,6,3,1.1,1.78,0.781674405,0.746031746,0.93015873,0.746031746,-2.34,-1.66,26,1.06,83,0,2.64,19.015948,1.1784,-1.3617916,0.024984978,-0.012492489
BaPrTl2O6,3.67070801,,0,1,5,1,1.01,1.62,0.691423603,1.057539683,1.011904762,1.057539683,-2.43,-1.82,32.5,1.14,80.7,-0.5,2.59,12.315948,1.2775,-0.6041644,0.015625586,-0.007812793
LaSrTl2O6,4.23663201,,0,1,5,1,1.025,1.62,0.683513826,1.057539683,0.988888889,1.057539683,-2.415,-1.82,30.5,1.135,81,-0.5,2.593,14.015948,1.2717,-0.7385762,0.015625586,-0.007812793
LaNaIn2O6,5.00022301,1.164431695,0,1,4,3,1.015,1.78,0.779745932,0.746031746,0.925396825,0.746031746,-2.425,-1.66,21.4,1.045,80.8,-0.2,2.623,31.715948,1.1772,-1.5549084,0.024984978,-0.012492489
LaPbIn2O6,4.45179401,-3.264018305,0,1,5,3,1.715,1.78,0.773719454,0.746031746,0.910515873,0.746031746,-1.725,-1.66,28.5,1.045,87.9,-0.1,2.763,21.215948,1.17345,-1.384287,0.024984978,-0.012492489
NaPrTl2O6,2.61817901,,0,1,4,1,1.03,1.62,0.6464197,1.057539683,0.880952381,1.057539683,-2.41,-1.82,28,1.105,80.4,-0.6,2.594,24.515948,1.2445,-0.7986078,0.015625586,-0.007812793
LaBaTl2O6,4.58113901,0.524927695,0,1,5,1,0.995,1.62,0.706697655,1.057539683,1.056349206,1.057539683,-2.445,-1.82,32.3,1.15,80.9,-0.5,2.587,12.315948,1.2887,-0.6049412,0.015625586,-0.007812793
LaAgLa2O6,3.45694701,,0,1,4,3,1.515,1.1,0.694701399,0.93015873,0.896296296,0.93015873,-1.925,-2.34,26.6,1.105,77.6,-0.2,2.587,46.915948,1.216266667,-0.8847961,-0.043291117,0.024994138
KLaIn2O6,5.19696701,0.818775695,0,1,4,3,0.96,1.78,0.837600124,0.746031746,1.068253968,0.746031746,-2.48,-1.66,22.2,1.085,80.7,-0.2,2.612,27.715948,1.2132,-1.3574498,0.024984978,-0.012492489
PbBiSc2O6,4.95729201,-1.966168305,0,1,5,3,2.175,1.36,0.770977149,0.702380952,0.856150794,0.702380952,-1.265,-2.08,25.5,1.02,81.3,-0.1,2.771,7.515948,1.14875,-0.6324444,-0.026422852,0.01525524
PbNdGe2O6,-0.98051099,,0,1,5,-4,1.735,2.01,0.856713856,0.611111111,0.951984127,0.611111111,-1.705,-1.43,25.4,0.975,88.6,-1.5,2.813,17.215948,1.1499,-0.6564201,0.027657296,-0.013828648
Bi2Ge2O6,1.44646001,,0,1,6,-4,2.02,2.01,0.799413824,0.611111111,0.821428571,0.611111111,-1.42,-1.43,27.8,0.93,94.8,-1.4,2.87,13.615948,1.117,-0.6933476,0.027657296,-0.013828648
BiSnCr2O6,0.22105501,-1.848580305,3.7,2,-1,3,1.99,1.66,0.70469619,0.746031746,0.740079365,0.746031746,-1.45,-1.78,22.9,0.945,89,-0.7,2.794,26.315948,1.1305,-1.0501526,-0.016089135,0.009289066
LaPbGe2O6,0.53460801,,0,1,5,-4,1.715,2.01,0.838513694,0.611111111,0.910515873,0.611111111,-1.725,-1.43,25.1,0.985,88.9,-1.5,2.809,16.815948,1.13945,-0.6570638,0.027657296,-0.013828648
AgPbGe2O6,3.81917101,,0,1,3,-4,2.13,2.01,0.82365168,0.611111111,0.876653439,0.611111111,-1.31,-1.43,24.1,0.95,92.7,-1.7,2.892,58.515948,1.130916667,-0.9661495,0.027657296,-0.013828648
Bi2Cd2O6,4.20187201,,0,1,6,2,2.02,1.69,0.690557474,0.865079365,0.821428571,0.865079365,-1.42,-1.75,31,0.99,93,-0.2,2.806,21.015948,1.181,-1.3272568,-0.014968238,0.008641916
BaPbGe2O6,3.26451301,,0,1,4,-4,1.61,2.01,0.89389792,0.611111111,1.036706349,0.611111111,-1.83,-1.43,25,1.005,87,-1.6,2.788,17.315948,1.17125,-0.6557372,0.027657296,-0.013828648
Pb2Ge2O6,3.61169901,,0,1,4,-4,2.33,2.01,0.829892565,0.611111111,0.890873016,0.611111111,-1.11,-1.43,27.6,0.97,93.8,-1.6,2.932,19.015948,1.1345,-0.6795592,0.027657296,-0.013828648
TlSnGe2O6,2.31822201,,0,1,-3,-4,1.79,2.01,0.815524015,0.611111111,0.858134921,0.611111111,-1.65,-1.43,24.3,0.945,93.5,-2.3,2.824,23.315948,1.12625,-1.0912573,0.027657296,-0.013828648
PbBiCr2O6,0.46577301,,3.7,2,5,3,2.175,1.66,0.75170272,0.746031746,0.856150794,0.746031746,-1.265,-1.78,26.1,0.98,88.9,-0.1,2.831,23.115948,1.15975,-0.6312378,-0.016089135,0.009289066
Pb2Cr2O6,-1.09759499,,3.7,2,4,3,2.33,1.66,0.765764503,0.746031746,0.890873016,0.746031746,-1.11,-1.78,26,1,88.4,-0.2,2.862,25.815948,1.1685,-0.6243436,-0.016089135,0.009289066
Tl2Ge2O6,2.68612601,-7.481801305,0,1,2,-4,1.62,2.01,0.903041542,0.611111111,1.057539683,0.611111111,-1.82,-1.43,27.4,0.99,93,-1.8,2.79,21.215948,1.1765,-0.6651258,0.027657296,-0.013828648
Sn2Cr2O6,-1.35978199,,3.7,2,-8,3,1.96,1.66,0.671751442,0.746031746,0.658730159,0.746031746,-1.48,-1.78,19.6,0.93,88.6,-1.4,2.788,32.215948,1.11,-1.4621732,-0.016089135,0.009289066
ScBiCd2O6,2.54830801,,0,1,6,2,1.69,1.69,0.667990236,0.865079365,0.761904762,0.865079365,-1.75,-1.75,24.8,0.99,86.2,-0.2,2.74,21.815948,1.166,-1.3002917,-0.014968238,0.008641916
KPbGe2O6,3.92498501,,0,1,3,-4,1.575,2.01,0.899122847,0.611111111,1.048611111,0.611111111,-1.865,-1.43,21.3,1.01,86.6,-1.7,2.781,25.515948,1.17425,-0.652722,0.027657296,-0.013828648
TlBiGe2O6,1.97173901,,0,1,4,-4,1.82,2.01,0.851227683,0.611111111,0.939484127,0.611111111,-1.62,-1.43,27.6,0.96,93.9,-1.6,2.83,17.415948,1.14675,-0.6792367,0.027657296,-0.013828648
RbPbGe2O6,3.57246701,,0,1,3,-4,1.575,2.01,0.923505839,0.611111111,1.104166667,0.611111111,-1.865,-1.43,23.1,1.025,86.5,-1.7,2.781,21.315948,1.18825,-0.7573456,0.027657296,-0.013828648
